file,question,score
n01-bee-sym3-p01-c01.txt,Q1,7.8983050847
n01-bee-sym3-p01-c01.txt,Q2,6.7627118644
n01-bee-sym3-p01-c01.txt,Q3,7
n01-bee-sym3-p01-c01.txt,Q4,8.5593220339
n01-bee-sym3-p01-c01.txt,Q5,7.4406779661
n01-bee-sym3-p01-c01.txt,Q6,7.8644067797
n01-bee-sym3-p01-c01.txt,Q7,8.4406779661
n01-bee-sym3-p01-c01.txt,Q8,7.7966101695
n01-bee-sym3-p01-c01.txt,Q9,7.6379310345
n01-bee-sym3-p01-c05.txt,Q1,5.3559322034
n01-bee-sym3-p01-c05.txt,Q2,8.7966101695
n01-bee-sym3-p01-c05.txt,Q3,8.4406779661
n01-bee-sym3-p01-c05.txt,Q4,7.2881355932
n01-bee-sym3-p01-c05.txt,Q5,6.1016949153
n01-bee-sym3-p01-c05.txt,Q6,4.6610169492
n01-bee-sym3-p01-c05.txt,Q7,8.7457627119
n01-bee-sym3-p01-c05.txt,Q8,6.2542372881
n01-bee-sym3-p01-c05.txt,Q9,4.1016949153
n01-bee-sym3-p01-c10.txt,Q1,6.6779661017
n01-bee-sym3-p01-c10.txt,Q2,8.3559322034
n01-bee-sym3-p01-c10.txt,Q3,7.9152542373
n01-bee-sym3-p01-c10.txt,Q4,8.0338983051
n01-bee-sym3-p01-c10.txt,Q5,6.6101694915
n01-bee-sym3-p01-c10.txt,Q6,6.0508474576
n01-bee-sym3-p01-c10.txt,Q7,8.3389830508
n01-bee-sym3-p01-c10.txt,Q8,7.3389830508
n01-bee-sym3-p01-c10.txt,Q9,5.6034482759
n01-bee-sym3-p02-c01.txt,Q1,7.9215686275
n01-bee-sym3-p02-c01.txt,Q2,6.6862745098
n01-bee-sym3-p02-c01.txt,Q3,7.2941176471
n01-bee-sym3-p02-c01.txt,Q4,8.6274509804
n01-bee-sym3-p02-c01.txt,Q5,7.7058823529
n01-bee-sym3-p02-c01.txt,Q6,7.9807692308
n01-bee-sym3-p02-c01.txt,Q7,8.7647058824
n01-bee-sym3-p02-c01.txt,Q8,8.3653846154
n01-bee-sym3-p02-c01.txt,Q9,7.4423076923
n01-bee-sym3-p02-c06.txt,Q1,7.5
n01-bee-sym3-p02-c06.txt,Q2,7.5192307692
n01-bee-sym3-p02-c06.txt,Q3,7.1538461538
n01-bee-sym3-p02-c06.txt,Q4,8.2692307692
n01-bee-sym3-p02-c06.txt,Q5,7.5384615385
n01-bee-sym3-p02-c06.txt,Q6,7.3846153846
n01-bee-sym3-p02-c06.txt,Q7,8.6274509804
n01-bee-sym3-p02-c06.txt,Q8,8.1730769231
n01-bee-sym3-p02-c06.txt,Q9,7.7884615385
n01-bee-sym3-p02-c10.txt,Q1,6.8
n01-bee-sym3-p02-c10.txt,Q2,8.66
n01-bee-sym3-p02-c10.txt,Q3,8.1
n01-bee-sym3-p02-c10.txt,Q4,8.56
n01-bee-sym3-p02-c10.txt,Q5,6.4117647059
n01-bee-sym3-p02-c10.txt,Q6,6
n01-bee-sym3-p02-c10.txt,Q7,8.84
n01-bee-sym3-p02-c10.txt,Q8,7.4901960784
n01-bee-sym3-p02-c10.txt,Q9,6.7843137255
n01-bee-sym3-p03-c02.txt,Q1,7.82
n01-bee-sym3-p03-c02.txt,Q2,6.0980392157
n01-bee-sym3-p03-c02.txt,Q3,6.8039215686
n01-bee-sym3-p03-c02.txt,Q4,8.0588235294
n01-bee-sym3-p03-c02.txt,Q5,7.5294117647
n01-bee-sym3-p03-c02.txt,Q6,7.6862745098
n01-bee-sym3-p03-c02.txt,Q7,8.4705882353
n01-bee-sym3-p03-c02.txt,Q8,7.6078431373
n01-bee-sym3-p03-c02.txt,Q9,7.7450980392
n01-bee-sym3-p03-c06.txt,Q1,7.6862745098
n01-bee-sym3-p03-c06.txt,Q2,7.6666666667
n01-bee-sym3-p03-c06.txt,Q3,7.5490196078
n01-bee-sym3-p03-c06.txt,Q4,8.2549019608
n01-bee-sym3-p03-c06.txt,Q5,7.2549019608
n01-bee-sym3-p03-c06.txt,Q6,7.3921568627
n01-bee-sym3-p03-c06.txt,Q7,8.5882352941
n01-bee-sym3-p03-c06.txt,Q8,7.5490196078
n01-bee-sym3-p03-c06.txt,Q9,7.5294117647
n01-bee-sym3-p03-c11.txt,Q1,8
n01-bee-sym3-p03-c11.txt,Q2,8
n01-bee-sym3-p03-c11.txt,Q3,7.9803921569
n01-bee-sym3-p03-c11.txt,Q4,8.9215686275
n01-bee-sym3-p03-c11.txt,Q5,8.4705882353
n01-bee-sym3-p03-c11.txt,Q6,7.6274509804
n01-bee-sym3-p03-c11.txt,Q7,8.9607843137
n01-bee-sym3-p03-c11.txt,Q8,8.0196078431
n01-bee-sym3-p03-c11.txt,Q9,8.0784313725
n01-bee-sym3-p04-c02.txt,Q1,7.5454545455
n01-bee-sym3-p04-c02.txt,Q2,5.8
n01-bee-sym3-p04-c02.txt,Q3,6.462962963
n01-bee-sym3-p04-c02.txt,Q4,7.6909090909
n01-bee-sym3-p04-c02.txt,Q5,7.4259259259
n01-bee-sym3-p04-c02.txt,Q6,7.4727272727
n01-bee-sym3-p04-c02.txt,Q7,7.7818181818
n01-bee-sym3-p04-c02.txt,Q8,7.6
n01-bee-sym3-p04-c02.txt,Q9,7.4181818182
n01-bee-sym3-p04-c07.txt,Q1,7.5454545455
n01-bee-sym3-p04-c07.txt,Q2,6.8518518519
n01-bee-sym3-p04-c07.txt,Q3,6.8
n01-bee-sym3-p04-c07.txt,Q4,7.9454545455
n01-bee-sym3-p04-c07.txt,Q5,7.3333333333
n01-bee-sym3-p04-c07.txt,Q6,7.6181818182
n01-bee-sym3-p04-c07.txt,Q7,7.9090909091
n01-bee-sym3-p04-c07.txt,Q8,7.3454545455
n01-bee-sym3-p04-c07.txt,Q9,7.2545454545
n01-bee-sym3-p04-c11.txt,Q1,7.6296296296
n01-bee-sym3-p04-c11.txt,Q2,7.6181818182
n01-bee-sym3-p04-c11.txt,Q3,7.6481481481
n01-bee-sym3-p04-c11.txt,Q4,8.2363636364
n01-bee-sym3-p04-c11.txt,Q5,7.6727272727
n01-bee-sym3-p04-c11.txt,Q6,6.5454545455
n01-bee-sym3-p04-c11.txt,Q7,8.2
n01-bee-sym3-p04-c11.txt,Q8,7.8727272727
n01-bee-sym3-p04-c11.txt,Q9,8.0727272727
n01-bee-sym3-p05-c03.txt,Q1,7.6538461538
n01-bee-sym3-p05-c03.txt,Q2,8
n01-bee-sym3-p05-c03.txt,Q3,7.8461538462
n01-bee-sym3-p05-c03.txt,Q4,8.4807692308
n01-bee-sym3-p05-c03.txt,Q5,7.1346153846
n01-bee-sym3-p05-c03.txt,Q6,7.137254902
n01-bee-sym3-p05-c03.txt,Q7,8.3846153846
n01-bee-sym3-p05-c03.txt,Q8,7.25
n01-bee-sym3-p05-c03.txt,Q9,6.1923076923
n01-bee-sym3-p05-c07.txt,Q1,8.22
n01-bee-sym3-p05-c07.txt,Q2,7.5882352941
n01-bee-sym3-p05-c07.txt,Q3,8.0588235294
n01-bee-sym3-p05-c07.txt,Q4,8.7647058824
n01-bee-sym3-p05-c07.txt,Q5,8.48
n01-bee-sym3-p05-c07.txt,Q6,8.04
n01-bee-sym3-p05-c07.txt,Q7,8.5
n01-bee-sym3-p05-c07.txt,Q8,8.2352941176
n01-bee-sym3-p05-c07.txt,Q9,8.1764705882
n01-bee-sym3-p05-c12.txt,Q1,7.36
n01-bee-sym3-p05-c12.txt,Q2,7.3137254902
n01-bee-sym3-p05-c12.txt,Q3,7.431372549
n01-bee-sym3-p05-c12.txt,Q4,8.3921568627
n01-bee-sym3-p05-c12.txt,Q5,7.36
n01-bee-sym3-p05-c12.txt,Q6,6.5490196078
n01-bee-sym3-p05-c12.txt,Q7,8.2352941176
n01-bee-sym3-p05-c12.txt,Q8,7.7450980392
n01-bee-sym3-p05-c12.txt,Q9,7.7254901961
n01-bee-sym3-p06-c03.txt,Q1,7.4035087719
n01-bee-sym3-p06-c03.txt,Q2,7.298245614
n01-bee-sym3-p06-c03.txt,Q3,7.2105263158
n01-bee-sym3-p06-c03.txt,Q4,8
n01-bee-sym3-p06-c03.txt,Q5,7.1228070175
n01-bee-sym3-p06-c03.txt,Q6,7
n01-bee-sym3-p06-c03.txt,Q7,8.350877193
n01-bee-sym3-p06-c03.txt,Q8,7.6140350877
n01-bee-sym3-p06-c03.txt,Q9,7.4912280702
n01-bee-sym3-p06-c08.txt,Q1,8.1206896552
n01-bee-sym3-p06-c08.txt,Q2,6.9482758621
n01-bee-sym3-p06-c08.txt,Q3,7.3859649123
n01-bee-sym3-p06-c08.txt,Q4,8.1896551724
n01-bee-sym3-p06-c08.txt,Q5,8.1379310345
n01-bee-sym3-p06-c08.txt,Q6,7.9137931034
n01-bee-sym3-p06-c08.txt,Q7,8.5
n01-bee-sym3-p06-c08.txt,Q8,8.0344827586
n01-bee-sym3-p06-c08.txt,Q9,8.1724137931
n01-bee-sym3-p06-c12.txt,Q1,7.3793103448
n01-bee-sym3-p06-c12.txt,Q2,7.0172413793
n01-bee-sym3-p06-c12.txt,Q3,6.9482758621
n01-bee-sym3-p06-c12.txt,Q4,8.0689655172
n01-bee-sym3-p06-c12.txt,Q5,7.1379310345
n01-bee-sym3-p06-c12.txt,Q6,7.0344827586
n01-bee-sym3-p06-c12.txt,Q7,8.2068965517
n01-bee-sym3-p06-c12.txt,Q8,7.8793103448
n01-bee-sym3-p06-c12.txt,Q9,8.0172413793
n01-bee-sym3-p07-c04.txt,Q1,6.4821428571
n01-bee-sym3-p07-c04.txt,Q2,5.5714285714
n01-bee-sym3-p07-c04.txt,Q3,5.8545454545
n01-bee-sym3-p07-c04.txt,Q4,7.3571428571
n01-bee-sym3-p07-c04.txt,Q5,5.7636363636
n01-bee-sym3-p07-c04.txt,Q6,6.5
n01-bee-sym3-p07-c04.txt,Q7,8.2321428571
n01-bee-sym3-p07-c04.txt,Q8,6.2857142857
n01-bee-sym3-p07-c04.txt,Q9,4.2142857143
n01-bee-sym3-p07-c08.txt,Q1,7.6964285714
n01-bee-sym3-p07-c08.txt,Q2,6.5178571429
n01-bee-sym3-p07-c08.txt,Q3,7.4909090909
n01-bee-sym3-p07-c08.txt,Q4,8.6071428571
n01-bee-sym3-p07-c08.txt,Q5,7.9285714286
n01-bee-sym3-p07-c08.txt,Q6,7.5714285714
n01-bee-sym3-p07-c08.txt,Q7,8.6071428571
n01-bee-sym3-p07-c08.txt,Q8,7.8571428571
n01-bee-sym3-p07-c08.txt,Q9,7.9285714286
n01-bee-sym3-p08-c04.txt,Q1,7.5833333333
n01-bee-sym3-p08-c04.txt,Q2,6.9787234043
n01-bee-sym3-p08-c04.txt,Q3,6.9166666667
n01-bee-sym3-p08-c04.txt,Q4,7.7083333333
n01-bee-sym3-p08-c04.txt,Q5,6.5319148936
n01-bee-sym3-p08-c04.txt,Q6,7
n01-bee-sym3-p08-c04.txt,Q7,8.2083333333
n01-bee-sym3-p08-c04.txt,Q8,7.3541666667
n01-bee-sym3-p08-c04.txt,Q9,7.125
n01-bee-sym3-p08-c09.txt,Q1,7.5
n01-bee-sym3-p08-c09.txt,Q2,6.9791666667
n01-bee-sym3-p08-c09.txt,Q3,7.1666666667
n01-bee-sym3-p08-c09.txt,Q4,8.0416666667
n01-bee-sym3-p08-c09.txt,Q5,6.9375
n01-bee-sym3-p08-c09.txt,Q6,7.2608695652
n01-bee-sym3-p08-c09.txt,Q7,8.0625
n01-bee-sym3-p08-c09.txt,Q8,7.4791666667
n01-bee-sym3-p08-c09.txt,Q9,7.2916666667
n01-bee-sym3-p09-c05.txt,Q1,7.9361702128
n01-bee-sym3-p09-c05.txt,Q2,7.625
n01-bee-sym3-p09-c05.txt,Q3,7.5416666667
n01-bee-sym3-p09-c05.txt,Q4,8.2291666667
n01-bee-sym3-p09-c05.txt,Q5,7.625
n01-bee-sym3-p09-c05.txt,Q6,7.5833333333
n01-bee-sym3-p09-c05.txt,Q7,8.3958333333
n01-bee-sym3-p09-c05.txt,Q8,7.5833333333
n01-bee-sym3-p09-c05.txt,Q9,7.7291666667
n01-bee-sym3-p09-c09.txt,Q1,7.25
n01-bee-sym3-p09-c09.txt,Q2,7.5
n01-bee-sym3-p09-c09.txt,Q3,7.2708333333
n01-bee-sym3-p09-c09.txt,Q4,7.9791666667
n01-bee-sym3-p09-c09.txt,Q5,6.6875
n01-bee-sym3-p09-c09.txt,Q6,6.9583333333
n01-bee-sym3-p09-c09.txt,Q7,8.4583333333
n01-bee-sym3-p09-c09.txt,Q8,7.0833333333
n01-bee-sym3-p09-c09.txt,Q9,6.1063829787
n02-ros-silk-p01-c04.txt,Q1,7.8
n02-ros-silk-p01-c04.txt,Q2,7.9508196721
n02-ros-silk-p01-c04.txt,Q3,7.8333333333
n02-ros-silk-p01-c04.txt,Q4,8.1967213115
n02-ros-silk-p01-c04.txt,Q5,7.1147540984
n02-ros-silk-p01-c04.txt,Q6,7.1803278689
n02-ros-silk-p01-c04.txt,Q7,8.4918032787
n02-ros-silk-p01-c04.txt,Q8,7.7704918033
n02-ros-silk-p01-c04.txt,Q9,6.0655737705
n02-ros-silk-p01-c09.txt,Q1,7.5762711864
n02-ros-silk-p01-c09.txt,Q2,7.4833333333
n02-ros-silk-p01-c09.txt,Q3,7.6666666667
n02-ros-silk-p01-c09.txt,Q4,8.0833333333
n02-ros-silk-p01-c09.txt,Q5,6.95
n02-ros-silk-p01-c09.txt,Q6,6.9833333333
n02-ros-silk-p01-c09.txt,Q7,8.4833333333
n02-ros-silk-p01-c09.txt,Q8,7.5666666667
n02-ros-silk-p01-c09.txt,Q9,5.7333333333
n02-ros-silk-p02-c05.txt,Q1,7.2352941176
n02-ros-silk-p02-c05.txt,Q2,8.4558823529
n02-ros-silk-p02-c05.txt,Q3,7.7941176471
n02-ros-silk-p02-c05.txt,Q4,7.9264705882
n02-ros-silk-p02-c05.txt,Q5,6.9104477612
n02-ros-silk-p02-c05.txt,Q6,6.1911764706
n02-ros-silk-p02-c05.txt,Q7,8.6617647059
n02-ros-silk-p02-c05.txt,Q8,7.0882352941
n02-ros-silk-p02-c05.txt,Q9,4.8529411765
n02-ros-silk-p02-c09.txt,Q1,7.4852941176
n02-ros-silk-p02-c09.txt,Q2,7.1323529412
n02-ros-silk-p02-c09.txt,Q3,7.2794117647
n02-ros-silk-p02-c09.txt,Q4,7.7794117647
n02-ros-silk-p02-c09.txt,Q5,6.9264705882
n02-ros-silk-p02-c09.txt,Q6,6.8970588235
n02-ros-silk-p02-c09.txt,Q7,8.3088235294
n02-ros-silk-p02-c09.txt,Q8,7.4117647059
n02-ros-silk-p02-c09.txt,Q9,5.2058823529
n02-ros-silk-p03-c01.txt,Q1,7.7592592593
n02-ros-silk-p03-c01.txt,Q2,6.0925925926
n02-ros-silk-p03-c01.txt,Q3,7.0909090909
n02-ros-silk-p03-c01.txt,Q4,8.3148148148
n02-ros-silk-p03-c01.txt,Q5,8.2545454545
n02-ros-silk-p03-c01.txt,Q6,8.0181818182
n02-ros-silk-p03-c01.txt,Q7,8.6363636364
n02-ros-silk-p03-c01.txt,Q8,7.9818181818
n02-ros-silk-p03-c01.txt,Q9,8.4181818182
n02-ros-silk-p03-c05.txt,Q1,5.8727272727
n02-ros-silk-p03-c05.txt,Q2,7.8363636364
n02-ros-silk-p03-c05.txt,Q3,6.0740740741
n02-ros-silk-p03-c05.txt,Q4,7.1454545455
n02-ros-silk-p03-c05.txt,Q5,4.3703703704
n02-ros-silk-p03-c05.txt,Q6,5
n02-ros-silk-p03-c05.txt,Q7,7.9818181818
n02-ros-silk-p03-c05.txt,Q8,5.8
n02-ros-silk-p03-c05.txt,Q9,3.8727272727
n02-ros-silk-p03-c10.txt,Q1,7.0181818182
n02-ros-silk-p03-c10.txt,Q2,8.0545454545
n02-ros-silk-p03-c10.txt,Q3,7.6909090909
n02-ros-silk-p03-c10.txt,Q4,8.2363636364
n02-ros-silk-p03-c10.txt,Q5,6.7358490566
n02-ros-silk-p03-c10.txt,Q6,6.5454545455
n02-ros-silk-p03-c10.txt,Q7,8.5454545455
n02-ros-silk-p03-c10.txt,Q8,7.5454545455
n02-ros-silk-p03-c10.txt,Q9,7.4
n02-ros-silk-p04-c01.txt,Q1,7.7321428571
n02-ros-silk-p04-c01.txt,Q2,6.625
n02-ros-silk-p04-c01.txt,Q3,7.25
n02-ros-silk-p04-c01.txt,Q4,8.2545454545
n02-ros-silk-p04-c01.txt,Q5,7.9464285714
n02-ros-silk-p04-c01.txt,Q6,7.125
n02-ros-silk-p04-c01.txt,Q7,8.4363636364
n02-ros-silk-p04-c01.txt,Q8,7.8392857143
n02-ros-silk-p04-c01.txt,Q9,7.9285714286
n02-ros-silk-p04-c06.txt,Q1,5.8214285714
n02-ros-silk-p04-c06.txt,Q2,8.1428571429
n02-ros-silk-p04-c06.txt,Q3,6.4107142857
n02-ros-silk-p04-c06.txt,Q4,7.5090909091
n02-ros-silk-p04-c06.txt,Q5,4.2321428571
n02-ros-silk-p04-c06.txt,Q6,4.5535714286
n02-ros-silk-p04-c06.txt,Q7,8.2857142857
n02-ros-silk-p04-c06.txt,Q8,5.0178571429
n02-ros-silk-p04-c06.txt,Q9,3.0535714286
n02-ros-silk-p04-c10.txt,Q1,6.5357142857
n02-ros-silk-p04-c10.txt,Q2,8.0181818182
n02-ros-silk-p04-c10.txt,Q3,7.0535714286
n02-ros-silk-p04-c10.txt,Q4,7.8909090909
n02-ros-silk-p04-c10.txt,Q5,6
n02-ros-silk-p04-c10.txt,Q6,5.625
n02-ros-silk-p04-c10.txt,Q7,8.0178571429
n02-ros-silk-p04-c10.txt,Q8,6.9285714286
n02-ros-silk-p04-c10.txt,Q9,5.7142857143
n02-ros-silk-p05-c02.txt,Q1,7.6101694915
n02-ros-silk-p05-c02.txt,Q2,6.3166666667
n02-ros-silk-p05-c02.txt,Q3,7.15
n02-ros-silk-p05-c02.txt,Q4,8.1833333333
n02-ros-silk-p05-c02.txt,Q5,7.5967741935
n02-ros-silk-p05-c02.txt,Q6,7.3548387097
n02-ros-silk-p05-c02.txt,Q7,8.3870967742
n02-ros-silk-p05-c02.txt,Q8,7.6290322581
n02-ros-silk-p05-c02.txt,Q9,6.8387096774
n02-ros-silk-p05-c06.txt,Q1,6
n02-ros-silk-p05-c06.txt,Q2,6.9032258065
n02-ros-silk-p05-c06.txt,Q3,5.8225806452
n02-ros-silk-p05-c06.txt,Q4,7.1475409836
n02-ros-silk-p05-c06.txt,Q5,5.0634920635
n02-ros-silk-p05-c06.txt,Q6,5.4193548387
n02-ros-silk-p05-c06.txt,Q7,7.9677419355
n02-ros-silk-p05-c06.txt,Q8,6.5396825397
n02-ros-silk-p05-c06.txt,Q9,4.5555555556
n02-ros-silk-p05-c11.txt,Q1,7.0166666667
n02-ros-silk-p05-c11.txt,Q2,7.4590163934
n02-ros-silk-p05-c11.txt,Q3,7.3606557377
n02-ros-silk-p05-c11.txt,Q4,8.0491803279
n02-ros-silk-p05-c11.txt,Q5,7.1935483871
n02-ros-silk-p05-c11.txt,Q6,6.4677419355
n02-ros-silk-p05-c11.txt,Q7,8.4193548387
n02-ros-silk-p05-c11.txt,Q8,7.4262295082
n02-ros-silk-p05-c11.txt,Q9,7.2580645161
n02-ros-silk-p06-c02.txt,Q1,7.3111111111
n02-ros-silk-p06-c02.txt,Q2,5.5777777778
n02-ros-silk-p06-c02.txt,Q3,6.5227272727
n02-ros-silk-p06-c02.txt,Q4,6.9111111111
n02-ros-silk-p06-c02.txt,Q5,6.7333333333
n02-ros-silk-p06-c02.txt,Q6,6.9555555556
n02-ros-silk-p06-c02.txt,Q7,8.2666666667
n02-ros-silk-p06-c02.txt,Q8,6.3777777778
n02-ros-silk-p06-c02.txt,Q9,5.4444444444
n02-ros-silk-p06-c07.txt,Q1,7.9333333333
n02-ros-silk-p06-c07.txt,Q2,7.4444444444
n02-ros-silk-p06-c07.txt,Q3,7.6444444444
n02-ros-silk-p06-c07.txt,Q4,8.3111111111
n02-ros-silk-p06-c07.txt,Q5,8.1111111111
n02-ros-silk-p06-c07.txt,Q6,7.6666666667
n02-ros-silk-p06-c07.txt,Q7,8.5555555556
n02-ros-silk-p06-c07.txt,Q8,7.6363636364
n02-ros-silk-p06-c07.txt,Q9,7.9555555556
n02-ros-silk-p06-c11.txt,Q1,6.9565217391
n02-ros-silk-p06-c11.txt,Q2,8.1739130435
n02-ros-silk-p06-c11.txt,Q3,7.8913043478
n02-ros-silk-p06-c11.txt,Q4,8.2608695652
n02-ros-silk-p06-c11.txt,Q5,7.3333333333
n02-ros-silk-p06-c11.txt,Q6,6
n02-ros-silk-p06-c11.txt,Q7,8.5869565217
n02-ros-silk-p06-c11.txt,Q8,7.3260869565
n02-ros-silk-p06-c11.txt,Q9,7.6304347826
n02-ros-silk-p07-c03.txt,Q1,7.1403508772
n02-ros-silk-p07-c03.txt,Q2,7.8070175439
n02-ros-silk-p07-c03.txt,Q3,7.5789473684
n02-ros-silk-p07-c03.txt,Q4,7.9464285714
n02-ros-silk-p07-c03.txt,Q5,6.8571428571
n02-ros-silk-p07-c03.txt,Q6,6.6842105263
n02-ros-silk-p07-c03.txt,Q7,8.1785714286
n02-ros-silk-p07-c03.txt,Q8,6.6315789474
n02-ros-silk-p07-c03.txt,Q9,4.9122807018
n02-ros-silk-p07-c07.txt,Q1,8.1034482759
n02-ros-silk-p07-c07.txt,Q2,7
n02-ros-silk-p07-c07.txt,Q3,7.3103448276
n02-ros-silk-p07-c07.txt,Q4,8.3684210526
n02-ros-silk-p07-c07.txt,Q5,7.8448275862
n02-ros-silk-p07-c07.txt,Q6,7.649122807
n02-ros-silk-p07-c07.txt,Q7,8.350877193
n02-ros-silk-p07-c07.txt,Q8,7.775862069
n02-ros-silk-p07-c07.txt,Q9,8.1379310345
n02-ros-silk-p07-c12.txt,Q1,7.3859649123
n02-ros-silk-p07-c12.txt,Q2,7.9122807018
n02-ros-silk-p07-c12.txt,Q3,7.8421052632
n02-ros-silk-p07-c12.txt,Q4,8.4464285714
n02-ros-silk-p07-c12.txt,Q5,7.6428571429
n02-ros-silk-p07-c12.txt,Q6,6.4385964912
n02-ros-silk-p07-c12.txt,Q7,8.4912280702
n02-ros-silk-p07-c12.txt,Q8,7.3859649123
n02-ros-silk-p07-c12.txt,Q9,7.5263157895
n02-ros-silk-p08-c03.txt,Q1,7.4461538462
n02-ros-silk-p08-c03.txt,Q2,7.71875
n02-ros-silk-p08-c03.txt,Q3,7.6
n02-ros-silk-p08-c03.txt,Q4,8.2153846154
n02-ros-silk-p08-c03.txt,Q5,6.9242424242
n02-ros-silk-p08-c03.txt,Q6,6.6515151515
n02-ros-silk-p08-c03.txt,Q7,8.3484848485
n02-ros-silk-p08-c03.txt,Q8,6.3939393939
n02-ros-silk-p08-c03.txt,Q9,4.9848484848
n02-ros-silk-p08-c08.txt,Q1,7.8484848485
n02-ros-silk-p08-c08.txt,Q2,7.5151515152
n02-ros-silk-p08-c08.txt,Q3,7.9384615385
n02-ros-silk-p08-c08.txt,Q4,8.4696969697
n02-ros-silk-p08-c08.txt,Q5,7.5671641791
n02-ros-silk-p08-c08.txt,Q6,7.1515151515
n02-ros-silk-p08-c08.txt,Q7,8.552238806
n02-ros-silk-p08-c08.txt,Q8,7.9104477612
n02-ros-silk-p08-c08.txt,Q9,8.0606060606
n02-ros-silk-p08-c12.txt,Q1,7.7910447761
n02-ros-silk-p08-c12.txt,Q2,7.7014925373
n02-ros-silk-p08-c12.txt,Q3,7.8208955224
n02-ros-silk-p08-c12.txt,Q4,8.2388059701
n02-ros-silk-p08-c12.txt,Q5,7.5
n02-ros-silk-p08-c12.txt,Q6,6.5671641791
n02-ros-silk-p08-c12.txt,Q7,8.7313432836
n02-ros-silk-p08-c12.txt,Q8,7.8088235294
n02-ros-silk-p08-c12.txt,Q9,7
n02-ros-silk-p09-c04.txt,Q1,7.4081632653
n02-ros-silk-p09-c04.txt,Q2,7.3469387755
n02-ros-silk-p09-c04.txt,Q3,7.14
n02-ros-silk-p09-c04.txt,Q4,7.96
n02-ros-silk-p09-c04.txt,Q5,6.9411764706
n02-ros-silk-p09-c04.txt,Q6,7.0196078431
n02-ros-silk-p09-c04.txt,Q7,8.1176470588
n02-ros-silk-p09-c04.txt,Q8,7.1960784314
n02-ros-silk-p09-c04.txt,Q9,5.4509803922
n02-ros-silk-p09-c08.txt,Q1,7.9387755102
n02-ros-silk-p09-c08.txt,Q2,7.2
n02-ros-silk-p09-c08.txt,Q3,7.56
n02-ros-silk-p09-c08.txt,Q4,7.92
n02-ros-silk-p09-c08.txt,Q5,7.8039215686
n02-ros-silk-p09-c08.txt,Q6,7.4117647059
n02-ros-silk-p09-c08.txt,Q7,8.2549019608
n02-ros-silk-p09-c08.txt,Q8,7.8823529412
n02-ros-silk-p09-c08.txt,Q9,7.5098039216
n03-sch-sym8-p01-c03.txt,Q1,8.1228070175
n03-sch-sym8-p01-c03.txt,Q2,7.4912280702
n03-sch-sym8-p01-c03.txt,Q3,7.9824561404
n03-sch-sym8-p01-c03.txt,Q4,8.4385964912
n03-sch-sym8-p01-c03.txt,Q5,7.9122807018
n03-sch-sym8-p01-c03.txt,Q6,7.7368421053
n03-sch-sym8-p01-c03.txt,Q7,8.3684210526
n03-sch-sym8-p01-c03.txt,Q8,8.3090909091
n03-sch-sym8-p01-c03.txt,Q9,7.8596491228
n03-sch-sym8-p01-c08.txt,Q1,8.2807017544
n03-sch-sym8-p01-c08.txt,Q2,7.2105263158
n03-sch-sym8-p01-c08.txt,Q3,7.7454545455
n03-sch-sym8-p01-c08.txt,Q4,8.649122807
n03-sch-sym8-p01-c08.txt,Q5,7.8947368421
n03-sch-sym8-p01-c08.txt,Q6,8.1228070175
n03-sch-sym8-p01-c08.txt,Q7,8.5263157895
n03-sch-sym8-p01-c08.txt,Q8,8.5178571429
n03-sch-sym8-p01-c08.txt,Q9,8.4035087719
n03-sch-sym8-p01-c12.txt,Q1,7.3333333333
n03-sch-sym8-p01-c12.txt,Q2,8.2280701754
n03-sch-sym8-p01-c12.txt,Q3,7.5614035088
n03-sch-sym8-p01-c12.txt,Q4,8.3684210526
n03-sch-sym8-p01-c12.txt,Q5,7.0526315789
n03-sch-sym8-p01-c12.txt,Q6,6.6315789474
n03-sch-sym8-p01-c12.txt,Q7,8.3684210526
n03-sch-sym8-p01-c12.txt,Q8,7.5178571429
n03-sch-sym8-p01-c12.txt,Q9,7.7192982456
n03-sch-sym8-p02-c04.txt,Q1,6.5535714286
n03-sch-sym8-p02-c04.txt,Q2,6.8392857143
n03-sch-sym8-p02-c04.txt,Q3,6.3392857143
n03-sch-sym8-p02-c04.txt,Q4,7.7090909091
n03-sch-sym8-p02-c04.txt,Q5,5.75
n03-sch-sym8-p02-c04.txt,Q6,6.6785714286
n03-sch-sym8-p02-c04.txt,Q7,7.9454545455
n03-sch-sym8-p02-c04.txt,Q8,6.9454545455
n03-sch-sym8-p02-c04.txt,Q9,6.0535714286
n03-sch-sym8-p02-c08.txt,Q1,7.4545454545
n03-sch-sym8-p02-c08.txt,Q2,7.0909090909
n03-sch-sym8-p02-c08.txt,Q3,7.2181818182
n03-sch-sym8-p02-c08.txt,Q4,8.0545454545
n03-sch-sym8-p02-c08.txt,Q5,7.4
n03-sch-sym8-p02-c08.txt,Q6,7.4909090909
n03-sch-sym8-p02-c08.txt,Q7,8.4259259259
n03-sch-sym8-p02-c08.txt,Q8,8
n03-sch-sym8-p02-c08.txt,Q9,7.5454545455
n03-sch-sym8-p03-c04.txt,Q1,6.3469387755
n03-sch-sym8-p03-c04.txt,Q2,6.4285714286
n03-sch-sym8-p03-c04.txt,Q3,5.7755102041
n03-sch-sym8-p03-c04.txt,Q4,5.3958333333
n03-sch-sym8-p03-c04.txt,Q5,5.1632653061
n03-sch-sym8-p03-c04.txt,Q6,6.1224489796
n03-sch-sym8-p03-c04.txt,Q7,7.8979591837
n03-sch-sym8-p03-c04.txt,Q8,6.3265306122
n03-sch-sym8-p03-c04.txt,Q9,5.8571428571
n03-sch-sym8-p03-c09.txt,Q1,7.46
n03-sch-sym8-p03-c09.txt,Q2,6.98
n03-sch-sym8-p03-c09.txt,Q3,7.4081632653
n03-sch-sym8-p03-c09.txt,Q4,7.7142857143
n03-sch-sym8-p03-c09.txt,Q5,7.5
n03-sch-sym8-p03-c09.txt,Q6,7.44
n03-sch-sym8-p03-c09.txt,Q7,8.34
n03-sch-sym8-p03-c09.txt,Q8,7.52
n03-sch-sym8-p03-c09.txt,Q9,7.02
n03-sch-sym8-p04-c05.txt,Q1,8.1333333333
n03-sch-sym8-p04-c05.txt,Q2,7.1333333333
n03-sch-sym8-p04-c05.txt,Q3,7.5333333333
n03-sch-sym8-p04-c05.txt,Q4,8.15
n03-sch-sym8-p04-c05.txt,Q5,7.5245901639
n03-sch-sym8-p04-c05.txt,Q6,7.868852459
n03-sch-sym8-p04-c05.txt,Q7,8.2950819672
n03-sch-sym8-p04-c05.txt,Q8,7.8032786885
n03-sch-sym8-p04-c05.txt,Q9,7.737704918
n03-sch-sym8-p04-c09.txt,Q1,7.6451612903
n03-sch-sym8-p04-c09.txt,Q2,7.393442623
n03-sch-sym8-p04-c09.txt,Q3,7.6451612903
n03-sch-sym8-p04-c09.txt,Q4,8.2786885246
n03-sch-sym8-p04-c09.txt,Q5,7.4426229508
n03-sch-sym8-p04-c09.txt,Q6,7.2459016393
n03-sch-sym8-p04-c09.txt,Q7,8.3064516129
n03-sch-sym8-p04-c09.txt,Q8,7.564516129
n03-sch-sym8-p04-c09.txt,Q9,7.6935483871
n03-sch-sym8-p05-c01.txt,Q1,7.8076923077
n03-sch-sym8-p05-c01.txt,Q2,5.4423076923
n03-sch-sym8-p05-c01.txt,Q3,6.4807692308
n03-sch-sym8-p05-c01.txt,Q4,8.25
n03-sch-sym8-p05-c01.txt,Q5,7.9423076923
n03-sch-sym8-p05-c01.txt,Q6,7.7254901961
n03-sch-sym8-p05-c01.txt,Q7,8.5490196078
n03-sch-sym8-p05-c01.txt,Q8,8
n03-sch-sym8-p05-c01.txt,Q9,8.0769230769
n03-sch-sym8-p05-c05.txt,Q1,6.6923076923
n03-sch-sym8-p05-c05.txt,Q2,8.0576923077
n03-sch-sym8-p05-c05.txt,Q3,7.3653846154
n03-sch-sym8-p05-c05.txt,Q4,7.8461538462
n03-sch-sym8-p05-c05.txt,Q5,5.7115384615
n03-sch-sym8-p05-c05.txt,Q6,5.431372549
n03-sch-sym8-p05-c05.txt,Q7,8.3921568627
n03-sch-sym8-p05-c05.txt,Q8,7
n03-sch-sym8-p05-c05.txt,Q9,5.8653846154
n03-sch-sym8-p05-c10.txt,Q1,7.0188679245
n03-sch-sym8-p05-c10.txt,Q2,8.2452830189
n03-sch-sym8-p05-c10.txt,Q3,7.3962264151
n03-sch-sym8-p05-c10.txt,Q4,8.4716981132
n03-sch-sym8-p05-c10.txt,Q5,5.8490566038
n03-sch-sym8-p05-c10.txt,Q6,5.8653846154
n03-sch-sym8-p05-c10.txt,Q7,8.2115384615
n03-sch-sym8-p05-c10.txt,Q8,6.9230769231
n03-sch-sym8-p05-c10.txt,Q9,6.3653846154
n03-sch-sym8-p06-c01.txt,Q1,8.1666666667
n03-sch-sym8-p06-c01.txt,Q2,5.6851851852
n03-sch-sym8-p06-c01.txt,Q3,6.9259259259
n03-sch-sym8-p06-c01.txt,Q4,8.1851851852
n03-sch-sym8-p06-c01.txt,Q5,7.8703703704
n03-sch-sym8-p06-c01.txt,Q6,8.1454545455
n03-sch-sym8-p06-c01.txt,Q7,8.4545454545
n03-sch-sym8-p06-c01.txt,Q8,8.0555555556
n03-sch-sym8-p06-c01.txt,Q9,7.9272727273
n03-sch-sym8-p06-c06.txt,Q1,5.9636363636
n03-sch-sym8-p06-c06.txt,Q2,8.4909090909
n03-sch-sym8-p06-c06.txt,Q3,6.9636363636
n03-sch-sym8-p06-c06.txt,Q4,7.6181818182
n03-sch-sym8-p06-c06.txt,Q5,5.037037037
n03-sch-sym8-p06-c06.txt,Q6,5.4727272727
n03-sch-sym8-p06-c06.txt,Q7,8.0909090909
n03-sch-sym8-p06-c06.txt,Q8,5.6545454545
n03-sch-sym8-p06-c06.txt,Q9,3.9636363636
n03-sch-sym8-p06-c10.txt,Q1,7.1666666667
n03-sch-sym8-p06-c10.txt,Q2,8.3703703704
n03-sch-sym8-p06-c10.txt,Q3,7.8888888889
n03-sch-sym8-p06-c10.txt,Q4,8.2777777778
n03-sch-sym8-p06-c10.txt,Q5,6.462962963
n03-sch-sym8-p06-c10.txt,Q6,6.4909090909
n03-sch-sym8-p06-c10.txt,Q7,8.2363636364
n03-sch-sym8-p06-c10.txt,Q8,7.3518518519
n03-sch-sym8-p06-c10.txt,Q9,7.4074074074
n03-sch-sym8-p07-c02.txt,Q1,7.3220338983
n03-sch-sym8-p07-c02.txt,Q2,5.4745762712
n03-sch-sym8-p07-c02.txt,Q3,6.2372881356
n03-sch-sym8-p07-c02.txt,Q4,7.9661016949
n03-sch-sym8-p07-c02.txt,Q5,7.0333333333
n03-sch-sym8-p07-c02.txt,Q6,7.2333333333
n03-sch-sym8-p07-c02.txt,Q7,8.1355932203
n03-sch-sym8-p07-c02.txt,Q8,7.1666666667
n03-sch-sym8-p07-c02.txt,Q9,7.4166666667
n03-sch-sym8-p07-c06.txt,Q1,7.0172413793
n03-sch-sym8-p07-c06.txt,Q2,7.724137931
n03-sch-sym8-p07-c06.txt,Q3,7.1228070175
n03-sch-sym8-p07-c06.txt,Q4,8.5517241379
n03-sch-sym8-p07-c06.txt,Q5,6.2372881356
n03-sch-sym8-p07-c06.txt,Q6,5.813559322
n03-sch-sym8-p07-c06.txt,Q7,8.0517241379
n03-sch-sym8-p07-c06.txt,Q8,7.0508474576
n03-sch-sym8-p07-c06.txt,Q9,6.7796610169
n03-sch-sym8-p07-c11.txt,Q1,7.4827586207
n03-sch-sym8-p07-c11.txt,Q2,7.8620689655
n03-sch-sym8-p07-c11.txt,Q3,7.724137931
n03-sch-sym8-p07-c11.txt,Q4,8.8103448276
n03-sch-sym8-p07-c11.txt,Q5,7.5593220339
n03-sch-sym8-p07-c11.txt,Q6,6.2711864407
n03-sch-sym8-p07-c11.txt,Q7,8.5614035088
n03-sch-sym8-p07-c11.txt,Q8,7.8813559322
n03-sch-sym8-p07-c11.txt,Q9,8.1355932203
n03-sch-sym8-p08-c02.txt,Q1,6.5
n03-sch-sym8-p08-c02.txt,Q2,6.8035714286
n03-sch-sym8-p08-c02.txt,Q3,6.3928571429
n03-sch-sym8-p08-c02.txt,Q4,7.9090909091
n03-sch-sym8-p08-c02.txt,Q5,5.9464285714
n03-sch-sym8-p08-c02.txt,Q6,5.9464285714
n03-sch-sym8-p08-c02.txt,Q7,7.6785714286
n03-sch-sym8-p08-c02.txt,Q8,6.1428571429
n03-sch-sym8-p08-c02.txt,Q9,6.2857142857
n03-sch-sym8-p08-c07.txt,Q1,8.2
n03-sch-sym8-p08-c07.txt,Q2,6.9444444444
n03-sch-sym8-p08-c07.txt,Q3,7.1818181818
n03-sch-sym8-p08-c07.txt,Q4,8.6181818182
n03-sch-sym8-p08-c07.txt,Q5,8.2545454545
n03-sch-sym8-p08-c07.txt,Q6,8.3333333333
n03-sch-sym8-p08-c07.txt,Q7,8.3818181818
n03-sch-sym8-p08-c07.txt,Q8,8.1666666667
n03-sch-sym8-p08-c07.txt,Q9,8.6181818182
n03-sch-sym8-p08-c11.txt,Q1,6.9821428571
n03-sch-sym8-p08-c11.txt,Q2,7.7142857143
n03-sch-sym8-p08-c11.txt,Q3,7.4107142857
n03-sch-sym8-p08-c11.txt,Q4,8.1428571429
n03-sch-sym8-p08-c11.txt,Q5,6.5535714286
n03-sch-sym8-p08-c11.txt,Q6,5.875
n03-sch-sym8-p08-c11.txt,Q7,7.875
n03-sch-sym8-p08-c11.txt,Q8,6.9107142857
n03-sch-sym8-p08-c11.txt,Q9,6.2
n03-sch-sym8-p09-c03.txt,Q1,7.0882352941
n03-sch-sym8-p09-c03.txt,Q2,7.1323529412
n03-sch-sym8-p09-c03.txt,Q3,7.1617647059
n03-sch-sym8-p09-c03.txt,Q4,8.5074626866
n03-sch-sym8-p09-c03.txt,Q5,6.7352941176
n03-sch-sym8-p09-c03.txt,Q6,6.5820895522
n03-sch-sym8-p09-c03.txt,Q7,8.1764705882
n03-sch-sym8-p09-c03.txt,Q8,7.3088235294
n03-sch-sym8-p09-c03.txt,Q9,6.8208955224
n03-sch-sym8-p09-c07.txt,Q1,7.8985507246
n03-sch-sym8-p09-c07.txt,Q2,7.0724637681
n03-sch-sym8-p09-c07.txt,Q3,7.2608695652
n03-sch-sym8-p09-c07.txt,Q4,8.2647058824
n03-sch-sym8-p09-c07.txt,Q5,7.8115942029
n03-sch-sym8-p09-c07.txt,Q6,7.8115942029
n03-sch-sym8-p09-c07.txt,Q7,8.5588235294
n03-sch-sym8-p09-c07.txt,Q8,7.8260869565
n03-sch-sym8-p09-c07.txt,Q9,7.884057971
n03-sch-sym8-p09-c12.txt,Q1,7.0588235294
n03-sch-sym8-p09-c12.txt,Q2,7.4411764706
n03-sch-sym8-p09-c12.txt,Q3,7.0735294118
n03-sch-sym8-p09-c12.txt,Q4,8.3676470588
n03-sch-sym8-p09-c12.txt,Q5,7.4852941176
n03-sch-sym8-p09-c12.txt,Q6,6.7794117647
n03-sch-sym8-p09-c12.txt,Q7,8.3134328358
n03-sch-sym8-p09-c12.txt,Q8,7.6029411765
n03-sch-sym8-p09-c12.txt,Q9,7.3088235294
n04-bra-vcon-p01-c02.txt,Q1,7.4590163934
n04-bra-vcon-p01-c02.txt,Q2,5.7258064516
n04-bra-vcon-p01-c02.txt,Q3,6.5737704918
n04-bra-vcon-p01-c02.txt,Q4,8.0483870968
n04-bra-vcon-p01-c02.txt,Q5,7.2903225806
n04-bra-vcon-p01-c02.txt,Q6,7.2419354839
n04-bra-vcon-p01-c02.txt,Q7,8.2580645161
n04-bra-vcon-p01-c02.txt,Q8,7.2096774194
n04-bra-vcon-p01-c02.txt,Q9,6.435483871
n04-bra-vcon-p01-c07.txt,Q1,8.2295081967
n04-bra-vcon-p01-c07.txt,Q2,7.1147540984
n04-bra-vcon-p01-c07.txt,Q3,7.6229508197
n04-bra-vcon-p01-c07.txt,Q4,8.6721311475
n04-bra-vcon-p01-c07.txt,Q5,8.1935483871
n04-bra-vcon-p01-c07.txt,Q6,8.0967741935
n04-bra-vcon-p01-c07.txt,Q7,8.5322580645
n04-bra-vcon-p01-c07.txt,Q8,8.0161290323
n04-bra-vcon-p01-c07.txt,Q9,8.4193548387
n04-bra-vcon-p01-c11.txt,Q1,7.4666666667
n04-bra-vcon-p01-c11.txt,Q2,7.5409836066
n04-bra-vcon-p01-c11.txt,Q3,7.393442623
n04-bra-vcon-p01-c11.txt,Q4,8.606557377
n04-bra-vcon-p01-c11.txt,Q5,7.7704918033
n04-bra-vcon-p01-c11.txt,Q6,6.7540983607
n04-bra-vcon-p01-c11.txt,Q7,8.5901639344
n04-bra-vcon-p01-c11.txt,Q8,7.6721311475
n04-bra-vcon-p01-c11.txt,Q9,8
n04-bra-vcon-p02-c03.txt,Q1,7.8783783784
n04-bra-vcon-p02-c03.txt,Q2,7.8108108108
n04-bra-vcon-p02-c03.txt,Q3,8
n04-bra-vcon-p02-c03.txt,Q4,8.64
n04-bra-vcon-p02-c03.txt,Q5,7.3866666667
n04-bra-vcon-p02-c03.txt,Q6,7.2465753425
n04-bra-vcon-p02-c03.txt,Q7,8.4189189189
n04-bra-vcon-p02-c03.txt,Q8,7.6666666667
n04-bra-vcon-p02-c03.txt,Q9,6.5333333333
n04-bra-vcon-p02-c07.txt,Q1,8.2133333333
n04-bra-vcon-p02-c07.txt,Q2,7
n04-bra-vcon-p02-c07.txt,Q3,7.56
n04-bra-vcon-p02-c07.txt,Q4,8.5466666667
n04-bra-vcon-p02-c07.txt,Q5,8.08
n04-bra-vcon-p02-c07.txt,Q6,7.9054054054
n04-bra-vcon-p02-c07.txt,Q7,8.5405405405
n04-bra-vcon-p02-c07.txt,Q8,7.9594594595
n04-bra-vcon-p02-c07.txt,Q9,7.5
n04-bra-vcon-p02-c12.txt,Q1,7.5064935065
n04-bra-vcon-p02-c12.txt,Q2,8.2467532468
n04-bra-vcon-p02-c12.txt,Q3,7.8441558442
n04-bra-vcon-p02-c12.txt,Q4,8.4805194805
n04-bra-vcon-p02-c12.txt,Q5,7.1168831169
n04-bra-vcon-p02-c12.txt,Q6,6.6103896104
n04-bra-vcon-p02-c12.txt,Q7,8.1842105263
n04-bra-vcon-p02-c12.txt,Q8,7.5974025974
n04-bra-vcon-p02-c12.txt,Q9,6.0519480519
n04-bra-vcon-p03-c03.txt,Q1,7.7666666667
n04-bra-vcon-p03-c03.txt,Q2,6.8474576271
n04-bra-vcon-p03-c03.txt,Q3,7.3666666667
n04-bra-vcon-p03-c03.txt,Q4,8.25
n04-bra-vcon-p03-c03.txt,Q5,7.3833333333
n04-bra-vcon-p03-c03.txt,Q6,7.3389830508
n04-bra-vcon-p03-c03.txt,Q7,8.35
n04-bra-vcon-p03-c03.txt,Q8,7.3333333333
n04-bra-vcon-p03-c03.txt,Q9,6.0166666667
n04-bra-vcon-p03-c08.txt,Q1,7.0819672131
n04-bra-vcon-p03-c08.txt,Q2,6.8032786885
n04-bra-vcon-p03-c08.txt,Q3,6.7540983607
n04-bra-vcon-p03-c08.txt,Q4,7.868852459
n04-bra-vcon-p03-c08.txt,Q5,6.3833333333
n04-bra-vcon-p03-c08.txt,Q6,6.9344262295
n04-bra-vcon-p03-c08.txt,Q7,7.9016393443
n04-bra-vcon-p03-c08.txt,Q8,6.9
n04-bra-vcon-p03-c08.txt,Q9,5.7213114754
n04-bra-vcon-p03-c12.txt,Q1,6.8333333333
n04-bra-vcon-p03-c12.txt,Q2,7.5833333333
n04-bra-vcon-p03-c12.txt,Q3,6.9666666667
n04-bra-vcon-p03-c12.txt,Q4,8.1666666667
n04-bra-vcon-p03-c12.txt,Q5,6.0847457627
n04-bra-vcon-p03-c12.txt,Q6,6.1016949153
n04-bra-vcon-p03-c12.txt,Q7,8
n04-bra-vcon-p03-c12.txt,Q8,6.9491525424
n04-bra-vcon-p03-c12.txt,Q9,6.3833333333
n04-bra-vcon-p04-c04.txt,Q1,7.7313432836
n04-bra-vcon-p04-c04.txt,Q2,6.8656716418
n04-bra-vcon-p04-c04.txt,Q3,7.3582089552
n04-bra-vcon-p04-c04.txt,Q4,8.3582089552
n04-bra-vcon-p04-c04.txt,Q5,7.5820895522
n04-bra-vcon-p04-c04.txt,Q6,7.4776119403
n04-bra-vcon-p04-c04.txt,Q7,8.2985074627
n04-bra-vcon-p04-c04.txt,Q8,7.776119403
n04-bra-vcon-p04-c04.txt,Q9,7.9402985075
n04-bra-vcon-p04-c08.txt,Q1,7.2769230769
n04-bra-vcon-p04-c08.txt,Q2,6.9076923077
n04-bra-vcon-p04-c08.txt,Q3,7.0303030303
n04-bra-vcon-p04-c08.txt,Q4,8.1666666667
n04-bra-vcon-p04-c08.txt,Q5,6.8939393939
n04-bra-vcon-p04-c08.txt,Q6,6.9090909091
n04-bra-vcon-p04-c08.txt,Q7,8
n04-bra-vcon-p04-c08.txt,Q8,7.6363636364
n04-bra-vcon-p04-c08.txt,Q9,7.2727272727
n04-bra-vcon-p05-c04.txt,Q1,7.6470588235
n04-bra-vcon-p05-c04.txt,Q2,7.2745098039
n04-bra-vcon-p05-c04.txt,Q3,7.2745098039
n04-bra-vcon-p05-c04.txt,Q4,8.7
n04-bra-vcon-p05-c04.txt,Q5,7.0980392157
n04-bra-vcon-p05-c04.txt,Q6,7.2352941176
n04-bra-vcon-p05-c04.txt,Q7,8.32
n04-bra-vcon-p05-c04.txt,Q8,7.5490196078
n04-bra-vcon-p05-c04.txt,Q9,7.3333333333
n04-bra-vcon-p05-c09.txt,Q1,7.6274509804
n04-bra-vcon-p05-c09.txt,Q2,7.2745098039
n04-bra-vcon-p05-c09.txt,Q3,7.3725490196
n04-bra-vcon-p05-c09.txt,Q4,8.5882352941
n04-bra-vcon-p05-c09.txt,Q5,7.2549019608
n04-bra-vcon-p05-c09.txt,Q6,7.3725490196
n04-bra-vcon-p05-c09.txt,Q7,8.44
n04-bra-vcon-p05-c09.txt,Q8,7.5294117647
n04-bra-vcon-p05-c09.txt,Q9,7.52
n04-bra-vcon-p06-c05.txt,Q1,4.625
n04-bra-vcon-p06-c05.txt,Q2,8.5625
n04-bra-vcon-p06-c05.txt,Q3,7.5416666667
n04-bra-vcon-p06-c05.txt,Q4,6.4791666667
n04-bra-vcon-p06-c05.txt,Q5,4.5208333333
n04-bra-vcon-p06-c05.txt,Q6,3.4791666667
n04-bra-vcon-p06-c05.txt,Q7,8.125
n04-bra-vcon-p06-c05.txt,Q8,6.0833333333
n04-bra-vcon-p06-c05.txt,Q9,3.3958333333
n04-bra-vcon-p06-c09.txt,Q1,7.2291666667
n04-bra-vcon-p06-c09.txt,Q2,7.4081632653
n04-bra-vcon-p06-c09.txt,Q3,7.4285714286
n04-bra-vcon-p06-c09.txt,Q4,7.5833333333
n04-bra-vcon-p06-c09.txt,Q5,6.5102040816
n04-bra-vcon-p06-c09.txt,Q6,6.6530612245
n04-bra-vcon-p06-c09.txt,Q7,8.1224489796
n04-bra-vcon-p06-c09.txt,Q8,6.9591836735
n04-bra-vcon-p06-c09.txt,Q9,5.1020408163
n04-bra-vcon-p07-c01.txt,Q1,8
n04-bra-vcon-p07-c01.txt,Q2,5.375
n04-bra-vcon-p07-c01.txt,Q3,6.6964285714
n04-bra-vcon-p07-c01.txt,Q4,8.0714285714
n04-bra-vcon-p07-c01.txt,Q5,7.8214285714
n04-bra-vcon-p07-c01.txt,Q6,8.0363636364
n04-bra-vcon-p07-c01.txt,Q7,8.1785714286
n04-bra-vcon-p07-c01.txt,Q8,7.7857142857
n04-bra-vcon-p07-c01.txt,Q9,7.9642857143
n04-bra-vcon-p07-c05.txt,Q1,7.5178571429
n04-bra-vcon-p07-c05.txt,Q2,7.3571428571
n04-bra-vcon-p07-c05.txt,Q3,7.4363636364
n04-bra-vcon-p07-c05.txt,Q4,7.8035714286
n04-bra-vcon-p07-c05.txt,Q5,6.75
n04-bra-vcon-p07-c05.txt,Q6,6.9821428571
n04-bra-vcon-p07-c05.txt,Q7,8.1607142857
n04-bra-vcon-p07-c05.txt,Q8,7.3928571429
n04-bra-vcon-p07-c05.txt,Q9,7.375
n04-bra-vcon-p07-c10.txt,Q1,6.2678571429
n04-bra-vcon-p07-c10.txt,Q2,8.4181818182
n04-bra-vcon-p07-c10.txt,Q3,7.6071428571
n04-bra-vcon-p07-c10.txt,Q4,7.9107142857
n04-bra-vcon-p07-c10.txt,Q5,5.6607142857
n04-bra-vcon-p07-c10.txt,Q6,5.4464285714
n04-bra-vcon-p07-c10.txt,Q7,8.0357142857
n04-bra-vcon-p07-c10.txt,Q8,6.5535714286
n04-bra-vcon-p07-c10.txt,Q9,5.3571428571
n04-bra-vcon-p08-c01.txt,Q1,7.5517241379
n04-bra-vcon-p08-c01.txt,Q2,6.0517241379
n04-bra-vcon-p08-c01.txt,Q3,6.5862068966
n04-bra-vcon-p08-c01.txt,Q4,7.7413793103
n04-bra-vcon-p08-c01.txt,Q5,7.3050847458
n04-bra-vcon-p08-c01.txt,Q6,7.6610169492
n04-bra-vcon-p08-c01.txt,Q7,8.1896551724
n04-bra-vcon-p08-c01.txt,Q8,7.3898305085
n04-bra-vcon-p08-c01.txt,Q9,7.6440677966
n04-bra-vcon-p08-c06.txt,Q1,5.9482758621
n04-bra-vcon-p08-c06.txt,Q2,7.4482758621
n04-bra-vcon-p08-c06.txt,Q3,6.5172413793
n04-bra-vcon-p08-c06.txt,Q4,7.0344827586
n04-bra-vcon-p08-c06.txt,Q5,4.4576271186
n04-bra-vcon-p08-c06.txt,Q6,4.813559322
n04-bra-vcon-p08-c06.txt,Q7,7.8771929825
n04-bra-vcon-p08-c06.txt,Q8,5.4745762712
n04-bra-vcon-p08-c06.txt,Q9,3.9830508475
n04-bra-vcon-p08-c10.txt,Q1,5.813559322
n04-bra-vcon-p08-c10.txt,Q2,8.6779661017
n04-bra-vcon-p08-c10.txt,Q3,7.8474576271
n04-bra-vcon-p08-c10.txt,Q4,7.7796610169
n04-bra-vcon-p08-c10.txt,Q5,5.7288135593
n04-bra-vcon-p08-c10.txt,Q6,5.186440678
n04-bra-vcon-p08-c10.txt,Q7,7.8448275862
n04-bra-vcon-p08-c10.txt,Q8,6.4745762712
n04-bra-vcon-p08-c10.txt,Q9,6.4745762712
n04-bra-vcon-p09-c02.txt,Q1,7.1666666667
n04-bra-vcon-p09-c02.txt,Q2,5.7708333333
n04-bra-vcon-p09-c02.txt,Q3,6.2291666667
n04-bra-vcon-p09-c02.txt,Q4,8.1875
n04-bra-vcon-p09-c02.txt,Q5,7.1041666667
n04-bra-vcon-p09-c02.txt,Q6,7.3333333333
n04-bra-vcon-p09-c02.txt,Q7,8.5
n04-bra-vcon-p09-c02.txt,Q8,7.6808510638
n04-bra-vcon-p09-c02.txt,Q9,6.6666666667
n04-bra-vcon-p09-c06.txt,Q1,5.1063829787
n04-bra-vcon-p09-c06.txt,Q2,7.8510638298
n04-bra-vcon-p09-c06.txt,Q3,6.6875
n04-bra-vcon-p09-c06.txt,Q4,6.2916666667
n04-bra-vcon-p09-c06.txt,Q5,4.0833333333
n04-bra-vcon-p09-c06.txt,Q6,4.5416666667
n04-bra-vcon-p09-c06.txt,Q7,7.9583333333
n04-bra-vcon-p09-c06.txt,Q8,4.4583333333
n04-bra-vcon-p09-c06.txt,Q9,3.085106383
n04-bra-vcon-p09-c11.txt,Q1,7.7083333333
n04-bra-vcon-p09-c11.txt,Q2,7.8958333333
n04-bra-vcon-p09-c11.txt,Q3,7.6666666667
n04-bra-vcon-p09-c11.txt,Q4,8.6875
n04-bra-vcon-p09-c11.txt,Q5,8.2708333333
n04-bra-vcon-p09-c11.txt,Q6,7.3333333333
n04-bra-vcon-p09-c11.txt,Q7,8.6458333333
n04-bra-vcon-p09-c11.txt,Q8,7.9166666667
n04-bra-vcon-p09-c11.txt,Q9,8.4166666667
n05-tch-sym4-p01-c01.txt,Q1,7.7118644068
n05-tch-sym4-p01-c01.txt,Q2,7.0508474576
n05-tch-sym4-p01-c01.txt,Q3,7.5084745763
n05-tch-sym4-p01-c01.txt,Q4,8.2542372881
n05-tch-sym4-p01-c01.txt,Q5,7.7627118644
n05-tch-sym4-p01-c01.txt,Q6,7.4237288136
n05-tch-sym4-p01-c01.txt,Q7,8.275862069
n05-tch-sym4-p01-c01.txt,Q8,7.9152542373
n05-tch-sym4-p01-c01.txt,Q9,7.9830508475
n05-tch-sym4-p01-c06.txt,Q1,6.1403508772
n05-tch-sym4-p01-c06.txt,Q2,8.350877193
n05-tch-sym4-p01-c06.txt,Q3,7.1052631579
n05-tch-sym4-p01-c06.txt,Q4,7.6140350877
n05-tch-sym4-p01-c06.txt,Q5,5.4210526316
n05-tch-sym4-p01-c06.txt,Q6,5.0175438596
n05-tch-sym4-p01-c06.txt,Q7,8.125
n05-tch-sym4-p01-c06.txt,Q8,6.0175438596
n05-tch-sym4-p01-c06.txt,Q9,4.7719298246
n05-tch-sym4-p01-c10.txt,Q1,5.7068965517
n05-tch-sym4-p01-c10.txt,Q2,8.4912280702
n05-tch-sym4-p01-c10.txt,Q3,7.2413793103
n05-tch-sym4-p01-c10.txt,Q4,7.2586206897
n05-tch-sym4-p01-c10.txt,Q5,4.9482758621
n05-tch-sym4-p01-c10.txt,Q6,4.6206896552
n05-tch-sym4-p01-c10.txt,Q7,7.8596491228
n05-tch-sym4-p01-c10.txt,Q8,5.6551724138
n05-tch-sym4-p01-c10.txt,Q9,4.224137931
n05-tch-sym4-p02-c02.txt,Q1,7.8474576271
n05-tch-sym4-p02-c02.txt,Q2,6.2033898305
n05-tch-sym4-p02-c02.txt,Q3,6.95
n05-tch-sym4-p02-c02.txt,Q4,7.8166666667
n05-tch-sym4-p02-c02.txt,Q5,7.4166666667
n05-tch-sym4-p02-c02.txt,Q6,7.6666666667
n05-tch-sym4-p02-c02.txt,Q7,8.3220338983
n05-tch-sym4-p02-c02.txt,Q8,7.6333333333
n05-tch-sym4-p02-c02.txt,Q9,6.7
n05-tch-sym4-p02-c06.txt,Q1,6.5
n05-tch-sym4-p02-c06.txt,Q2,8.2
n05-tch-sym4-p02-c06.txt,Q3,7.3
n05-tch-sym4-p02-c06.txt,Q4,7.7166666667
n05-tch-sym4-p02-c06.txt,Q5,6
n05-tch-sym4-p02-c06.txt,Q6,5.8833333333
n05-tch-sym4-p02-c06.txt,Q7,8.3220338983
n05-tch-sym4-p02-c06.txt,Q8,6.75
n05-tch-sym4-p02-c06.txt,Q9,6.4576271186
n05-tch-sym4-p02-c11.txt,Q1,7.55
n05-tch-sym4-p02-c11.txt,Q2,7.75
n05-tch-sym4-p02-c11.txt,Q3,7.8333333333
n05-tch-sym4-p02-c11.txt,Q4,8.15
n05-tch-sym4-p02-c11.txt,Q5,7.8
n05-tch-sym4-p02-c11.txt,Q6,7.0666666667
n05-tch-sym4-p02-c11.txt,Q7,8.6034482759
n05-tch-sym4-p02-c11.txt,Q8,8.1
n05-tch-sym4-p02-c11.txt,Q9,8.2166666667
n05-tch-sym4-p03-c02.txt,Q1,7.2096774194
n05-tch-sym4-p03-c02.txt,Q2,7.0163934426
n05-tch-sym4-p03-c02.txt,Q3,6.935483871
n05-tch-sym4-p03-c02.txt,Q4,7.9672131148
n05-tch-sym4-p03-c02.txt,Q5,6.2903225806
n05-tch-sym4-p03-c02.txt,Q6,6.2950819672
n05-tch-sym4-p03-c02.txt,Q7,8.0322580645
n05-tch-sym4-p03-c02.txt,Q8,6.4426229508
n05-tch-sym4-p03-c02.txt,Q9,5.4677419355
n05-tch-sym4-p03-c07.txt,Q1,7.5161290323
n05-tch-sym4-p03-c07.txt,Q2,7.6129032258
n05-tch-sym4-p03-c07.txt,Q3,7.4032258065
n05-tch-sym4-p03-c07.txt,Q4,7.6129032258
n05-tch-sym4-p03-c07.txt,Q5,6.6129032258
n05-tch-sym4-p03-c07.txt,Q6,7.0677966102
n05-tch-sym4-p03-c07.txt,Q7,8.2580645161
n05-tch-sym4-p03-c07.txt,Q8,6.7868852459
n05-tch-sym4-p03-c07.txt,Q9,5.8870967742
n05-tch-sym4-p03-c11.txt,Q1,7.5
n05-tch-sym4-p03-c11.txt,Q2,7.935483871
n05-tch-sym4-p03-c11.txt,Q3,7.6935483871
n05-tch-sym4-p03-c11.txt,Q4,8.5245901639
n05-tch-sym4-p03-c11.txt,Q5,8.0983606557
n05-tch-sym4-p03-c11.txt,Q6,6.6666666667
n05-tch-sym4-p03-c11.txt,Q7,8.2333333333
n05-tch-sym4-p03-c11.txt,Q8,7.7166666667
n05-tch-sym4-p03-c11.txt,Q9,8.0983606557
n05-tch-sym4-p04-c03.txt,Q1,7.3725490196
n05-tch-sym4-p04-c03.txt,Q2,7.6666666667
n05-tch-sym4-p04-c03.txt,Q3,7.3461538462
n05-tch-sym4-p04-c03.txt,Q4,8.4423076923
n05-tch-sym4-p04-c03.txt,Q5,7.2115384615
n05-tch-sym4-p04-c03.txt,Q6,6.9019607843
n05-tch-sym4-p04-c03.txt,Q7,8.6274509804
n05-tch-sym4-p04-c03.txt,Q8,7.2352941176
n05-tch-sym4-p04-c03.txt,Q9,6.6730769231
n05-tch-sym4-p04-c07.txt,Q1,7.7884615385
n05-tch-sym4-p04-c07.txt,Q2,8
n05-tch-sym4-p04-c07.txt,Q3,7.5769230769
n05-tch-sym4-p04-c07.txt,Q4,8.4038461538
n05-tch-sym4-p04-c07.txt,Q5,7.3076923077
n05-tch-sym4-p04-c07.txt,Q6,7.3653846154
n05-tch-sym4-p04-c07.txt,Q7,8.6862745098
n05-tch-sym4-p04-c07.txt,Q8,7.568627451
n05-tch-sym4-p04-c07.txt,Q9,6.9019607843
n05-tch-sym4-p04-c12.txt,Q1,6.8269230769
n05-tch-sym4-p04-c12.txt,Q2,7.8846153846
n05-tch-sym4-p04-c12.txt,Q3,7.0961538462
n05-tch-sym4-p04-c12.txt,Q4,8.2156862745
n05-tch-sym4-p04-c12.txt,Q5,6.0576923077
n05-tch-sym4-p04-c12.txt,Q6,6.0392156863
n05-tch-sym4-p04-c12.txt,Q7,8.5294117647
n05-tch-sym4-p04-c12.txt,Q8,6.8039215686
n05-tch-sym4-p04-c12.txt,Q9,5.568627451
n05-tch-sym4-p05-c03.txt,Q1,7.5666666667
n05-tch-sym4-p05-c03.txt,Q2,8.15
n05-tch-sym4-p05-c03.txt,Q3,7.95
n05-tch-sym4-p05-c03.txt,Q4,8.2166666667
n05-tch-sym4-p05-c03.txt,Q5,7.15
n05-tch-sym4-p05-c03.txt,Q6,6.7833333333
n05-tch-sym4-p05-c03.txt,Q7,8.25
n05-tch-sym4-p05-c03.txt,Q8,7.5
n05-tch-sym4-p05-c03.txt,Q9,7.593220339
n05-tch-sym4-p05-c08.txt,Q1,7.0333333333
n05-tch-sym4-p05-c08.txt,Q2,7.3
n05-tch-sym4-p05-c08.txt,Q3,6.95
n05-tch-sym4-p05-c08.txt,Q4,7.95
n05-tch-sym4-p05-c08.txt,Q5,6.3333333333
n05-tch-sym4-p05-c08.txt,Q6,6.406779661
n05-tch-sym4-p05-c08.txt,Q7,8.15
n05-tch-sym4-p05-c08.txt,Q8,7.0666666667
n05-tch-sym4-p05-c08.txt,Q9,5.85
n05-tch-sym4-p05-c12.txt,Q1,7.2881355932
n05-tch-sym4-p05-c12.txt,Q2,8.2203389831
n05-tch-sym4-p05-c12.txt,Q3,7.813559322
n05-tch-sym4-p05-c12.txt,Q4,8.406779661
n05-tch-sym4-p05-c12.txt,Q5,6.3333333333
n05-tch-sym4-p05-c12.txt,Q6,6.2333333333
n05-tch-sym4-p05-c12.txt,Q7,8.4166666667
n05-tch-sym4-p05-c12.txt,Q8,7.2833333333
n05-tch-sym4-p05-c12.txt,Q9,5.6833333333
n05-tch-sym4-p06-c04.txt,Q1,7.0175438596
n05-tch-sym4-p06-c04.txt,Q2,6.6315789474
n05-tch-sym4-p06-c04.txt,Q3,6.6315789474
n05-tch-sym4-p06-c04.txt,Q4,7.9107142857
n05-tch-sym4-p06-c04.txt,Q5,6.4385964912
n05-tch-sym4-p06-c04.txt,Q6,6.5438596491
n05-tch-sym4-p06-c04.txt,Q7,8.0727272727
n05-tch-sym4-p06-c04.txt,Q8,6.8245614035
n05-tch-sym4-p06-c04.txt,Q9,6.8214285714
n05-tch-sym4-p06-c08.txt,Q1,7.6315789474
n05-tch-sym4-p06-c08.txt,Q2,7.5087719298
n05-tch-sym4-p06-c08.txt,Q3,7.5964912281
n05-tch-sym4-p06-c08.txt,Q4,8.2631578947
n05-tch-sym4-p06-c08.txt,Q5,7.2631578947
n05-tch-sym4-p06-c08.txt,Q6,7.2363636364
n05-tch-sym4-p06-c08.txt,Q7,8.5535714286
n05-tch-sym4-p06-c08.txt,Q8,7.3684210526
n05-tch-sym4-p06-c08.txt,Q9,6.9824561404
n05-tch-sym4-p07-c04.txt,Q1,7.3125
n05-tch-sym4-p07-c04.txt,Q2,7.234375
n05-tch-sym4-p07-c04.txt,Q3,7.0952380952
n05-tch-sym4-p07-c04.txt,Q4,8.1612903226
n05-tch-sym4-p07-c04.txt,Q5,7.328125
n05-tch-sym4-p07-c04.txt,Q6,6.984375
n05-tch-sym4-p07-c04.txt,Q7,8.53125
n05-tch-sym4-p07-c04.txt,Q8,7.15625
n05-tch-sym4-p07-c04.txt,Q9,6.6875
n05-tch-sym4-p07-c09.txt,Q1,7.25
n05-tch-sym4-p07-c09.txt,Q2,5.8095238095
n05-tch-sym4-p07-c09.txt,Q3,6.5873015873
n05-tch-sym4-p07-c09.txt,Q4,8.1746031746
n05-tch-sym4-p07-c09.txt,Q5,7.28125
n05-tch-sym4-p07-c09.txt,Q6,7.53125
n05-tch-sym4-p07-c09.txt,Q7,8.3125
n05-tch-sym4-p07-c09.txt,Q8,7.390625
n05-tch-sym4-p07-c09.txt,Q9,6.75
n05-tch-sym4-p08-c05.txt,Q1,6.3559322034
n05-tch-sym4-p08-c05.txt,Q2,7.2033898305
n05-tch-sym4-p08-c05.txt,Q3,6.2711864407
n05-tch-sym4-p08-c05.txt,Q4,7.5423728814
n05-tch-sym4-p08-c05.txt,Q5,5.1724137931
n05-tch-sym4-p08-c05.txt,Q6,5.7457627119
n05-tch-sym4-p08-c05.txt,Q7,7.7627118644
n05-tch-sym4-p08-c05.txt,Q8,6.2711864407
n05-tch-sym4-p08-c05.txt,Q9,5.1694915254
n05-tch-sym4-p08-c09.txt,Q1,7.7627118644
n05-tch-sym4-p08-c09.txt,Q2,6.7966101695
n05-tch-sym4-p08-c09.txt,Q3,7.2033898305
n05-tch-sym4-p08-c09.txt,Q4,8.3728813559
n05-tch-sym4-p08-c09.txt,Q5,7.2068965517
n05-tch-sym4-p08-c09.txt,Q6,7.2372881356
n05-tch-sym4-p08-c09.txt,Q7,8.3103448276
n05-tch-sym4-p08-c09.txt,Q8,7.6101694915
n05-tch-sym4-p08-c09.txt,Q9,6.7288135593
n05-tch-sym4-p09-c01.txt,Q1,7.8431372549
n05-tch-sym4-p09-c01.txt,Q2,6
n05-tch-sym4-p09-c01.txt,Q3,6.8979591837
n05-tch-sym4-p09-c01.txt,Q4,8.3529411765
n05-tch-sym4-p09-c01.txt,Q5,8.0961538462
n05-tch-sym4-p09-c01.txt,Q6,8.0961538462
n05-tch-sym4-p09-c01.txt,Q7,8.6346153846
n05-tch-sym4-p09-c01.txt,Q8,8.1346153846
n05-tch-sym4-p09-c01.txt,Q9,8.3653846154
n05-tch-sym4-p09-c05.txt,Q1,6.0392156863
n05-tch-sym4-p09-c05.txt,Q2,8.4705882353
n05-tch-sym4-p09-c05.txt,Q3,7.58
n05-tch-sym4-p09-c05.txt,Q4,7.7647058824
n05-tch-sym4-p09-c05.txt,Q5,5.3846153846
n05-tch-sym4-p09-c05.txt,Q6,5.3269230769
n05-tch-sym4-p09-c05.txt,Q7,8.0576923077
n05-tch-sym4-p09-c05.txt,Q8,6.3846153846
n05-tch-sym4-p09-c05.txt,Q9,4.5192307692
n05-tch-sym4-p09-c10.txt,Q1,5.1346153846
n05-tch-sym4-p09-c10.txt,Q2,8.8235294118
n05-tch-sym4-p09-c10.txt,Q3,6.8039215686
n05-tch-sym4-p09-c10.txt,Q4,6.8846153846
n05-tch-sym4-p09-c10.txt,Q5,3.9038461538
n05-tch-sym4-p09-c10.txt,Q6,4.4615384615
n05-tch-sym4-p09-c10.txt,Q7,8.137254902
n05-tch-sym4-p09-c10.txt,Q8,4.1730769231
n05-tch-sym4-p09-c10.txt,Q9,2.7115384615
n06-tch-swan-p01-c05.txt,Q1,7.3913043478
n06-tch-swan-p01-c05.txt,Q2,7.4492753623
n06-tch-swan-p01-c05.txt,Q3,7.1323529412
n06-tch-swan-p01-c05.txt,Q4,8
n06-tch-swan-p01-c05.txt,Q5,6.0289855072
n06-tch-swan-p01-c05.txt,Q6,6.6029411765
n06-tch-swan-p01-c05.txt,Q7,7.9705882353
n06-tch-swan-p01-c05.txt,Q8,7.347826087
n06-tch-swan-p01-c05.txt,Q9,7.0289855072
n06-tch-swan-p01-c09.txt,Q1,7.3382352941
n06-tch-swan-p01-c09.txt,Q2,7.5074626866
n06-tch-swan-p01-c09.txt,Q3,7.3432835821
n06-tch-swan-p01-c09.txt,Q4,8.1764705882
n06-tch-swan-p01-c09.txt,Q5,5.9420289855
n06-tch-swan-p01-c09.txt,Q6,6.4264705882
n06-tch-swan-p01-c09.txt,Q7,8.1176470588
n06-tch-swan-p01-c09.txt,Q8,6.9552238806
n06-tch-swan-p01-c09.txt,Q9,5.2941176471
n06-tch-swan-p02-c01.txt,Q1,8.2452830189
n06-tch-swan-p02-c01.txt,Q2,5.320754717
n06-tch-swan-p02-c01.txt,Q3,6.8846153846
n06-tch-swan-p02-c01.txt,Q4,8.9615384615
n06-tch-swan-p02-c01.txt,Q5,8.4150943396
n06-tch-swan-p02-c01.txt,Q6,8.2264150943
n06-tch-swan-p02-c01.txt,Q7,8.7547169811
n06-tch-swan-p02-c01.txt,Q8,8.1509433962
n06-tch-swan-p02-c01.txt,Q9,8.0566037736
n06-tch-swan-p02-c05.txt,Q1,7.4807692308
n06-tch-swan-p02-c05.txt,Q2,8.0377358491
n06-tch-swan-p02-c05.txt,Q3,7.9433962264
n06-tch-swan-p02-c05.txt,Q4,8.4905660377
n06-tch-swan-p02-c05.txt,Q5,6.4905660377
n06-tch-swan-p02-c05.txt,Q6,6.3773584906
n06-tch-swan-p02-c05.txt,Q7,8.5094339623
n06-tch-swan-p02-c05.txt,Q8,7.2115384615
n06-tch-swan-p02-c05.txt,Q9,6.2075471698
n06-tch-swan-p02-c10.txt,Q1,6.7037037037
n06-tch-swan-p02-c10.txt,Q2,8.4905660377
n06-tch-swan-p02-c10.txt,Q3,8.1346153846
n06-tch-swan-p02-c10.txt,Q4,8.7407407407
n06-tch-swan-p02-c10.txt,Q5,6.4528301887
n06-tch-swan-p02-c10.txt,Q6,5.5185185185
n06-tch-swan-p02-c10.txt,Q7,8.2222222222
n06-tch-swan-p02-c10.txt,Q8,7.4444444444
n06-tch-swan-p02-c10.txt,Q9,7.1320754717
n06-tch-swan-p03-c01.txt,Q1,8.0327868852
n06-tch-swan-p03-c01.txt,Q2,5.935483871
n06-tch-swan-p03-c01.txt,Q3,7.2131147541
n06-tch-swan-p03-c01.txt,Q4,8.393442623
n06-tch-swan-p03-c01.txt,Q5,7.8709677419
n06-tch-swan-p03-c01.txt,Q6,7.9365079365
n06-tch-swan-p03-c01.txt,Q7,8.4285714286
n06-tch-swan-p03-c01.txt,Q8,8.1111111111
n06-tch-swan-p03-c01.txt,Q9,7.9841269841
n06-tch-swan-p03-c06.txt,Q1,6.0833333333
n06-tch-swan-p03-c06.txt,Q2,8.5333333333
n06-tch-swan-p03-c06.txt,Q3,7.2666666667
n06-tch-swan-p03-c06.txt,Q4,7.05
n06-tch-swan-p03-c06.txt,Q5,5.064516129
n06-tch-swan-p03-c06.txt,Q6,4.8387096774
n06-tch-swan-p03-c06.txt,Q7,7.7903225806
n06-tch-swan-p03-c06.txt,Q8,4.7096774194
n06-tch-swan-p03-c06.txt,Q9,2.8548387097
n06-tch-swan-p03-c10.txt,Q1,7.2295081967
n06-tch-swan-p03-c10.txt,Q2,7.868852459
n06-tch-swan-p03-c10.txt,Q3,7.45
n06-tch-swan-p03-c10.txt,Q4,8.393442623
n06-tch-swan-p03-c10.txt,Q5,6.7419354839
n06-tch-swan-p03-c10.txt,Q6,6.4516129032
n06-tch-swan-p03-c10.txt,Q7,8.1290322581
n06-tch-swan-p03-c10.txt,Q8,7.1935483871
n06-tch-swan-p03-c10.txt,Q9,6.8032786885
n06-tch-swan-p04-c02.txt,Q1,7.7321428571
n06-tch-swan-p04-c02.txt,Q2,6.75
n06-tch-swan-p04-c02.txt,Q3,7.125
n06-tch-swan-p04-c02.txt,Q4,8.2321428571
n06-tch-swan-p04-c02.txt,Q5,7.4736842105
n06-tch-swan-p04-c02.txt,Q6,7.7368421053
n06-tch-swan-p04-c02.txt,Q7,8.4821428571
n06-tch-swan-p04-c02.txt,Q8,7.7719298246
n06-tch-swan-p04-c02.txt,Q9,7.1607142857
n06-tch-swan-p04-c06.txt,Q1,7.0535714286
n06-tch-swan-p04-c06.txt,Q2,7.7857142857
n06-tch-swan-p04-c06.txt,Q3,7.2857142857
n06-tch-swan-p04-c06.txt,Q4,7.8
n06-tch-swan-p04-c06.txt,Q5,6.2807017544
n06-tch-swan-p04-c06.txt,Q6,6.4912280702
n06-tch-swan-p04-c06.txt,Q7,8.0526315789
n06-tch-swan-p04-c06.txt,Q8,7.2807017544
n06-tch-swan-p04-c06.txt,Q9,5.9824561404
n06-tch-swan-p04-c11.txt,Q1,6.6363636364
n06-tch-swan-p04-c11.txt,Q2,8.8181818182
n06-tch-swan-p04-c11.txt,Q3,7.8
n06-tch-swan-p04-c11.txt,Q4,8.3272727273
n06-tch-swan-p04-c11.txt,Q5,6.8363636364
n06-tch-swan-p04-c11.txt,Q6,5.1071428571
n06-tch-swan-p04-c11.txt,Q7,8.375
n06-tch-swan-p04-c11.txt,Q8,7.3214285714
n06-tch-swan-p04-c11.txt,Q9,7.1607142857
n06-tch-swan-p05-c02.txt,Q1,7.3617021277
n06-tch-swan-p05-c02.txt,Q2,5.6595744681
n06-tch-swan-p05-c02.txt,Q3,6.5319148936
n06-tch-swan-p05-c02.txt,Q4,8.0638297872
n06-tch-swan-p05-c02.txt,Q5,6.8723404255
n06-tch-swan-p05-c02.txt,Q6,6.9787234043
n06-tch-swan-p05-c02.txt,Q7,8.085106383
n06-tch-swan-p05-c02.txt,Q8,6.8510638298
n06-tch-swan-p05-c02.txt,Q9,5.8723404255
n06-tch-swan-p05-c07.txt,Q1,7.6808510638
n06-tch-swan-p05-c07.txt,Q2,7.5319148936
n06-tch-swan-p05-c07.txt,Q3,7.4042553191
n06-tch-swan-p05-c07.txt,Q4,7.9787234043
n06-tch-swan-p05-c07.txt,Q5,7.0212765957
n06-tch-swan-p05-c07.txt,Q6,7.085106383
n06-tch-swan-p05-c07.txt,Q7,8.1914893617
n06-tch-swan-p05-c07.txt,Q8,7.2978723404
n06-tch-swan-p05-c07.txt,Q9,6.4893617021
n06-tch-swan-p05-c11.txt,Q1,6.2765957447
n06-tch-swan-p05-c11.txt,Q2,9.1063829787
n06-tch-swan-p05-c11.txt,Q3,8.2553191489
n06-tch-swan-p05-c11.txt,Q4,8.8510638298
n06-tch-swan-p05-c11.txt,Q5,7.5531914894
n06-tch-swan-p05-c11.txt,Q6,4.6595744681
n06-tch-swan-p05-c11.txt,Q7,8.8260869565
n06-tch-swan-p05-c11.txt,Q8,7.3617021277
n06-tch-swan-p05-c11.txt,Q9,7.5531914894
n06-tch-swan-p06-c03.txt,Q1,7.5185185185
n06-tch-swan-p06-c03.txt,Q2,6.1886792453
n06-tch-swan-p06-c03.txt,Q3,6.8301886792
n06-tch-swan-p06-c03.txt,Q4,7.3962264151
n06-tch-swan-p06-c03.txt,Q5,6.7962962963
n06-tch-swan-p06-c03.txt,Q6,6.7407407407
n06-tch-swan-p06-c03.txt,Q7,7.962962963
n06-tch-swan-p06-c03.txt,Q8,6.9814814815
n06-tch-swan-p06-c03.txt,Q9,6.3333333333
n06-tch-swan-p06-c07.txt,Q1,8.0185185185
n06-tch-swan-p06-c07.txt,Q2,7.2962962963
n06-tch-swan-p06-c07.txt,Q3,7.5740740741
n06-tch-swan-p06-c07.txt,Q4,7.9074074074
n06-tch-swan-p06-c07.txt,Q5,7.537037037
n06-tch-swan-p06-c07.txt,Q6,7.4150943396
n06-tch-swan-p06-c07.txt,Q7,7.9259259259
n06-tch-swan-p06-c07.txt,Q8,7.7407407407
n06-tch-swan-p06-c07.txt,Q9,7.7407407407
n06-tch-swan-p06-c12.txt,Q1,6.5660377358
n06-tch-swan-p06-c12.txt,Q2,7.4905660377
n06-tch-swan-p06-c12.txt,Q3,6.8679245283
n06-tch-swan-p06-c12.txt,Q4,7.3018867925
n06-tch-swan-p06-c12.txt,Q5,5.9245283019
n06-tch-swan-p06-c12.txt,Q6,5.4716981132
n06-tch-swan-p06-c12.txt,Q7,7.5098039216
n06-tch-swan-p06-c12.txt,Q8,6.5660377358
n06-tch-swan-p06-c12.txt,Q9,6.0754716981
n06-tch-swan-p07-c03.txt,Q1,8.1724137931
n06-tch-swan-p07-c03.txt,Q2,7.1379310345
n06-tch-swan-p07-c03.txt,Q3,7.3793103448
n06-tch-swan-p07-c03.txt,Q4,8.1206896552
n06-tch-swan-p07-c03.txt,Q5,7.8813559322
n06-tch-swan-p07-c03.txt,Q6,7.6101694915
n06-tch-swan-p07-c03.txt,Q7,8.7966101695
n06-tch-swan-p07-c03.txt,Q8,7.6896551724
n06-tch-swan-p07-c03.txt,Q9,6.7118644068
n06-tch-swan-p07-c08.txt,Q1,7.775862069
n06-tch-swan-p07-c08.txt,Q2,7.5172413793
n06-tch-swan-p07-c08.txt,Q3,7.5
n06-tch-swan-p07-c08.txt,Q4,8.6551724138
n06-tch-swan-p07-c08.txt,Q5,7.4833333333
n06-tch-swan-p07-c08.txt,Q6,7.3666666667
n06-tch-swan-p07-c08.txt,Q7,8.7833333333
n06-tch-swan-p07-c08.txt,Q8,7.7833333333
n06-tch-swan-p07-c08.txt,Q9,7.7333333333
n06-tch-swan-p07-c12.txt,Q1,7.75
n06-tch-swan-p07-c12.txt,Q2,8.7627118644
n06-tch-swan-p07-c12.txt,Q3,8.2333333333
n06-tch-swan-p07-c12.txt,Q4,8.8166666667
n06-tch-swan-p07-c12.txt,Q5,7.6779661017
n06-tch-swan-p07-c12.txt,Q6,6.8166666667
n06-tch-swan-p07-c12.txt,Q7,8.9166666667
n06-tch-swan-p07-c12.txt,Q8,7.8
n06-tch-swan-p07-c12.txt,Q9,7.6666666667
n06-tch-swan-p08-c04.txt,Q1,7.7307692308
n06-tch-swan-p08-c04.txt,Q2,7.3461538462
n06-tch-swan-p08-c04.txt,Q3,7.4038461538
n06-tch-swan-p08-c04.txt,Q4,8.0961538462
n06-tch-swan-p08-c04.txt,Q5,7.7843137255
n06-tch-swan-p08-c04.txt,Q6,7.4038461538
n06-tch-swan-p08-c04.txt,Q7,8.5769230769
n06-tch-swan-p08-c04.txt,Q8,7.5384615385
n06-tch-swan-p08-c04.txt,Q9,7.6153846154
n06-tch-swan-p08-c08.txt,Q1,7.6923076923
n06-tch-swan-p08-c08.txt,Q2,7.6153846154
n06-tch-swan-p08-c08.txt,Q3,7.2884615385
n06-tch-swan-p08-c08.txt,Q4,8.2884615385
n06-tch-swan-p08-c08.txt,Q5,7.2307692308
n06-tch-swan-p08-c08.txt,Q6,7.0769230769
n06-tch-swan-p08-c08.txt,Q7,8.7254901961
n06-tch-swan-p08-c08.txt,Q8,7.6730769231
n06-tch-swan-p08-c08.txt,Q9,7.75
n06-tch-swan-p09-c04.txt,Q1,7.5263157895
n06-tch-swan-p09-c04.txt,Q2,6.6140350877
n06-tch-swan-p09-c04.txt,Q3,6.8392857143
n06-tch-swan-p09-c04.txt,Q4,8.1228070175
n06-tch-swan-p09-c04.txt,Q5,7.298245614
n06-tch-swan-p09-c04.txt,Q6,7.4285714286
n06-tch-swan-p09-c04.txt,Q7,8.5263157895
n06-tch-swan-p09-c04.txt,Q8,7.7192982456
n06-tch-swan-p09-c04.txt,Q9,7.5964912281
n06-tch-swan-p09-c09.txt,Q1,7.6551724138
n06-tch-swan-p09-c09.txt,Q2,7.1551724138
n06-tch-swan-p09-c09.txt,Q3,7.3275862069
n06-tch-swan-p09-c09.txt,Q4,7.7068965517
n06-tch-swan-p09-c09.txt,Q5,6.8448275862
n06-tch-swan-p09-c09.txt,Q6,7.0877192982
n06-tch-swan-p09-c09.txt,Q7,8.2105263158
n06-tch-swan-p09-c09.txt,Q8,7.1403508772
n06-tch-swan-p09-c09.txt,Q9,6.3793103448
n07-rim-sche-p01-c04.txt,Q1,7.552238806
n07-rim-sche-p01-c04.txt,Q2,7.2089552239
n07-rim-sche-p01-c04.txt,Q3,7.0447761194
n07-rim-sche-p01-c04.txt,Q4,8.0447761194
n07-rim-sche-p01-c04.txt,Q5,6.4848484848
n07-rim-sche-p01-c04.txt,Q6,7.1492537313
n07-rim-sche-p01-c04.txt,Q7,8.078125
n07-rim-sche-p01-c04.txt,Q8,7.2121212121
n07-rim-sche-p01-c04.txt,Q9,6.7910447761
n07-rim-sche-p01-c08.txt,Q1,6.0298507463
n07-rim-sche-p01-c08.txt,Q2,8.552238806
n07-rim-sche-p01-c08.txt,Q3,8
n07-rim-sche-p01-c08.txt,Q4,7.8805970149
n07-rim-sche-p01-c08.txt,Q5,6.2686567164
n07-rim-sche-p01-c08.txt,Q6,5.1791044776
n07-rim-sche-p01-c08.txt,Q7,8.4769230769
n07-rim-sche-p01-c08.txt,Q8,7.2686567164
n07-rim-sche-p01-c08.txt,Q9,7.0447761194
n07-rim-sche-p02-c04.txt,Q1,7.4545454545
n07-rim-sche-p02-c04.txt,Q2,6.6964285714
n07-rim-sche-p02-c04.txt,Q3,7.25
n07-rim-sche-p02-c04.txt,Q4,8.2142857143
n07-rim-sche-p02-c04.txt,Q5,6.8596491228
n07-rim-sche-p02-c04.txt,Q6,6.8596491228
n07-rim-sche-p02-c04.txt,Q7,8.3859649123
n07-rim-sche-p02-c04.txt,Q8,7.4912280702
n07-rim-sche-p02-c04.txt,Q9,6.2280701754
n07-rim-sche-p02-c09.txt,Q1,7.4827586207
n07-rim-sche-p02-c09.txt,Q2,6.0344827586
n07-rim-sche-p02-c09.txt,Q3,6.7413793103
n07-rim-sche-p02-c09.txt,Q4,8.3448275862
n07-rim-sche-p02-c09.txt,Q5,6.5344827586
n07-rim-sche-p02-c09.txt,Q6,6.8448275862
n07-rim-sche-p02-c09.txt,Q7,8.3103448276
n07-rim-sche-p02-c09.txt,Q8,7.2931034483
n07-rim-sche-p02-c09.txt,Q9,5.9827586207
n07-rim-sche-p03-c05.txt,Q1,6.6935483871
n07-rim-sche-p03-c05.txt,Q2,8.2580645161
n07-rim-sche-p03-c05.txt,Q3,7.3387096774
n07-rim-sche-p03-c05.txt,Q4,7.5967741935
n07-rim-sche-p03-c05.txt,Q5,5.5
n07-rim-sche-p03-c05.txt,Q6,5.9523809524
n07-rim-sche-p03-c05.txt,Q7,8.2698412698
n07-rim-sche-p03-c05.txt,Q8,6.2222222222
n07-rim-sche-p03-c05.txt,Q9,4.6721311475
n07-rim-sche-p03-c09.txt,Q1,7.5
n07-rim-sche-p03-c09.txt,Q2,6.8095238095
n07-rim-sche-p03-c09.txt,Q3,7.3492063492
n07-rim-sche-p03-c09.txt,Q4,7.9365079365
n07-rim-sche-p03-c09.txt,Q5,7.2698412698
n07-rim-sche-p03-c09.txt,Q6,7.5555555556
n07-rim-sche-p03-c09.txt,Q7,8.4920634921
n07-rim-sche-p03-c09.txt,Q8,7.4677419355
n07-rim-sche-p03-c09.txt,Q9,6.9682539683
n07-rim-sche-p04-c01.txt,Q1,8.0576923077
n07-rim-sche-p04-c01.txt,Q2,5.6153846154
n07-rim-sche-p04-c01.txt,Q3,6.5384615385
n07-rim-sche-p04-c01.txt,Q4,8.4038461538
n07-rim-sche-p04-c01.txt,Q5,8.24
n07-rim-sche-p04-c01.txt,Q6,8.1153846154
n07-rim-sche-p04-c01.txt,Q7,8.4038461538
n07-rim-sche-p04-c01.txt,Q8,7.9019607843
n07-rim-sche-p04-c01.txt,Q9,8.1923076923
n07-rim-sche-p04-c05.txt,Q1,5.8867924528
n07-rim-sche-p04-c05.txt,Q2,8.6603773585
n07-rim-sche-p04-c05.txt,Q3,7.7884615385
n07-rim-sche-p04-c05.txt,Q4,7.0943396226
n07-rim-sche-p04-c05.txt,Q5,4.8076923077
n07-rim-sche-p04-c05.txt,Q6,4.5660377358
n07-rim-sche-p04-c05.txt,Q7,8.0377358491
n07-rim-sche-p04-c05.txt,Q8,5.0566037736
n07-rim-sche-p04-c05.txt,Q9,3.4528301887
n07-rim-sche-p04-c10.txt,Q1,7.0576923077
n07-rim-sche-p04-c10.txt,Q2,8.6346153846
n07-rim-sche-p04-c10.txt,Q3,8.2307692308
n07-rim-sche-p04-c10.txt,Q4,8.2115384615
n07-rim-sche-p04-c10.txt,Q5,6.862745098
n07-rim-sche-p04-c10.txt,Q6,5.8653846154
n07-rim-sche-p04-c10.txt,Q7,8.3846153846
n07-rim-sche-p04-c10.txt,Q8,6.8076923077
n07-rim-sche-p04-c10.txt,Q9,7.0769230769
n07-rim-sche-p05-c01.txt,Q1,7.3333333333
n07-rim-sche-p05-c01.txt,Q2,6.3333333333
n07-rim-sche-p05-c01.txt,Q3,6.8823529412
n07-rim-sche-p05-c01.txt,Q4,8.0588235294
n07-rim-sche-p05-c01.txt,Q5,7.2307692308
n07-rim-sche-p05-c01.txt,Q6,7.3076923077
n07-rim-sche-p05-c01.txt,Q7,8.0769230769
n07-rim-sche-p05-c01.txt,Q8,7.4423076923
n07-rim-sche-p05-c01.txt,Q9,7.4230769231
n07-rim-sche-p05-c06.txt,Q1,6.2941176471
n07-rim-sche-p05-c06.txt,Q2,7.6078431373
n07-rim-sche-p05-c06.txt,Q3,6.5098039216
n07-rim-sche-p05-c06.txt,Q4,7.2352941176
n07-rim-sche-p05-c06.txt,Q5,5.4615384615
n07-rim-sche-p05-c06.txt,Q6,5.2692307692
n07-rim-sche-p05-c06.txt,Q7,7.7115384615
n07-rim-sche-p05-c06.txt,Q8,6.2941176471
n07-rim-sche-p05-c06.txt,Q9,5.5384615385
n07-rim-sche-p05-c10.txt,Q1,6.2941176471
n07-rim-sche-p05-c10.txt,Q2,8.1960784314
n07-rim-sche-p05-c10.txt,Q3,7.5490196078
n07-rim-sche-p05-c10.txt,Q4,7.4705882353
n07-rim-sche-p05-c10.txt,Q5,5.9615384615
n07-rim-sche-p05-c10.txt,Q6,5.0384615385
n07-rim-sche-p05-c10.txt,Q7,7.8269230769
n07-rim-sche-p05-c10.txt,Q8,6.6923076923
n07-rim-sche-p05-c10.txt,Q9,6.0384615385
n07-rim-sche-p06-c02.txt,Q1,7.6111111111
n07-rim-sche-p06-c02.txt,Q2,5.2083333333
n07-rim-sche-p06-c02.txt,Q3,6.125
n07-rim-sche-p06-c02.txt,Q4,7.9027777778
n07-rim-sche-p06-c02.txt,Q5,7.2916666667
n07-rim-sche-p06-c02.txt,Q6,7.4857142857
n07-rim-sche-p06-c02.txt,Q7,8.2916666667
n07-rim-sche-p06-c02.txt,Q8,7.4861111111
n07-rim-sche-p06-c02.txt,Q9,7.3194444444
n07-rim-sche-p06-c06.txt,Q1,6.8714285714
n07-rim-sche-p06-c06.txt,Q2,7.3142857143
n07-rim-sche-p06-c06.txt,Q3,6.4285714286
n07-rim-sche-p06-c06.txt,Q4,8.0571428571
n07-rim-sche-p06-c06.txt,Q5,5.6428571429
n07-rim-sche-p06-c06.txt,Q6,6.1884057971
n07-rim-sche-p06-c06.txt,Q7,8.0714285714
n07-rim-sche-p06-c06.txt,Q8,7.0142857143
n07-rim-sche-p06-c06.txt,Q9,6.6428571429
n07-rim-sche-p06-c11.txt,Q1,6.4714285714
n07-rim-sche-p06-c11.txt,Q2,8.6714285714
n07-rim-sche-p06-c11.txt,Q3,8.0142857143
n07-rim-sche-p06-c11.txt,Q4,8.5571428571
n07-rim-sche-p06-c11.txt,Q5,7.2142857143
n07-rim-sche-p06-c11.txt,Q6,5.1884057971
n07-rim-sche-p06-c11.txt,Q7,8.7428571429
n07-rim-sche-p06-c11.txt,Q8,7.4571428571
n07-rim-sche-p06-c11.txt,Q9,7.7142857143
n07-rim-sche-p07-c02.txt,Q1,7.1403508772
n07-rim-sche-p07-c02.txt,Q2,6.3157894737
n07-rim-sche-p07-c02.txt,Q3,6.5263157895
n07-rim-sche-p07-c02.txt,Q4,7.9122807018
n07-rim-sche-p07-c02.txt,Q5,6.1034482759
n07-rim-sche-p07-c02.txt,Q6,6.6724137931
n07-rim-sche-p07-c02.txt,Q7,8.2105263158
n07-rim-sche-p07-c02.txt,Q8,6.3793103448
n07-rim-sche-p07-c02.txt,Q9,5.7068965517
n07-rim-sche-p07-c07.txt,Q1,8.298245614
n07-rim-sche-p07-c07.txt,Q2,7.7719298246
n07-rim-sche-p07-c07.txt,Q3,7.8596491228
n07-rim-sche-p07-c07.txt,Q4,8.6666666667
n07-rim-sche-p07-c07.txt,Q5,8.1551724138
n07-rim-sche-p07-c07.txt,Q6,7.8103448276
n07-rim-sche-p07-c07.txt,Q7,8.6842105263
n07-rim-sche-p07-c07.txt,Q8,8.1379310345
n07-rim-sche-p07-c07.txt,Q9,8.5
n07-rim-sche-p07-c11.txt,Q1,7.5714285714
n07-rim-sche-p07-c11.txt,Q2,8.3684210526
n07-rim-sche-p07-c11.txt,Q3,8.0350877193
n07-rim-sche-p07-c11.txt,Q4,8.8421052632
n07-rim-sche-p07-c11.txt,Q5,7.6379310345
n07-rim-sche-p07-c11.txt,Q6,6.3965517241
n07-rim-sche-p07-c11.txt,Q7,8.5263157895
n07-rim-sche-p07-c11.txt,Q8,7.9310344828
n07-rim-sche-p07-c11.txt,Q9,7.9310344828
n07-rim-sche-p08-c03.txt,Q1,8.131147541
n07-rim-sche-p08-c03.txt,Q2,6.4754098361
n07-rim-sche-p08-c03.txt,Q3,6.868852459
n07-rim-sche-p08-c03.txt,Q4,8.4098360656
n07-rim-sche-p08-c03.txt,Q5,7.6393442623
n07-rim-sche-p08-c03.txt,Q6,7.9508196721
n07-rim-sche-p08-c03.txt,Q7,8.6229508197
n07-rim-sche-p08-c03.txt,Q8,8.1147540984
n07-rim-sche-p08-c03.txt,Q9,7.85
n07-rim-sche-p08-c07.txt,Q1,8.3770491803
n07-rim-sche-p08-c07.txt,Q2,7.75
n07-rim-sche-p08-c07.txt,Q3,7.868852459
n07-rim-sche-p08-c07.txt,Q4,8.393442623
n07-rim-sche-p08-c07.txt,Q5,7.8360655738
n07-rim-sche-p08-c07.txt,Q6,7.9672131148
n07-rim-sche-p08-c07.txt,Q7,8.6229508197
n07-rim-sche-p08-c07.txt,Q8,8.0655737705
n07-rim-sche-p08-c07.txt,Q9,8.3166666667
n07-rim-sche-p08-c12.txt,Q1,7.6229508197
n07-rim-sche-p08-c12.txt,Q2,7.6721311475
n07-rim-sche-p08-c12.txt,Q3,7.606557377
n07-rim-sche-p08-c12.txt,Q4,8.2950819672
n07-rim-sche-p08-c12.txt,Q5,7.0163934426
n07-rim-sche-p08-c12.txt,Q6,6.9836065574
n07-rim-sche-p08-c12.txt,Q7,8.4426229508
n07-rim-sche-p08-c12.txt,Q8,7.8360655738
n07-rim-sche-p08-c12.txt,Q9,7.3442622951
n07-rim-sche-p09-c03.txt,Q1,7.5689655172
n07-rim-sche-p09-c03.txt,Q2,7.1403508772
n07-rim-sche-p09-c03.txt,Q3,7.2586206897
n07-rim-sche-p09-c03.txt,Q4,8.1034482759
n07-rim-sche-p09-c03.txt,Q5,7.4137931034
n07-rim-sche-p09-c03.txt,Q6,7.1551724138
n07-rim-sche-p09-c03.txt,Q7,8.4561403509
n07-rim-sche-p09-c03.txt,Q8,7.6551724138
n07-rim-sche-p09-c03.txt,Q9,7.6206896552
n07-rim-sche-p09-c08.txt,Q1,7.5344827586
n07-rim-sche-p09-c08.txt,Q2,6.9655172414
n07-rim-sche-p09-c08.txt,Q3,7.1379310345
n07-rim-sche-p09-c08.txt,Q4,8.1896551724
n07-rim-sche-p09-c08.txt,Q5,6.9310344828
n07-rim-sche-p09-c08.txt,Q6,7.4827586207
n07-rim-sche-p09-c08.txt,Q7,8.4385964912
n07-rim-sche-p09-c08.txt,Q8,7.3793103448
n07-rim-sche-p09-c08.txt,Q9,7.5517241379
n07-rim-sche-p09-c12.txt,Q1,7.3275862069
n07-rim-sche-p09-c12.txt,Q2,7.3103448276
n07-rim-sche-p09-c12.txt,Q3,7.0517241379
n07-rim-sche-p09-c12.txt,Q4,8.3275862069
n07-rim-sche-p09-c12.txt,Q5,6.8448275862
n07-rim-sche-p09-c12.txt,Q6,6.9310344828
n07-rim-sche-p09-c12.txt,Q7,8.1403508772
n07-rim-sche-p09-c12.txt,Q8,7.4655172414
n07-rim-sche-p09-c12.txt,Q9,7.5
n08-str-donj-p01-c03.txt,Q1,7.1147540984
n08-str-donj-p01-c03.txt,Q2,7.0983606557
n08-str-donj-p01-c03.txt,Q3,7.1967213115
n08-str-donj-p01-c03.txt,Q4,8.1639344262
n08-str-donj-p01-c03.txt,Q5,7.2295081967
n08-str-donj-p01-c03.txt,Q6,7.0491803279
n08-str-donj-p01-c03.txt,Q7,8.0327868852
n08-str-donj-p01-c03.txt,Q8,7.5573770492
n08-str-donj-p01-c03.txt,Q9,7.5573770492
n08-str-donj-p01-c07.txt,Q1,7.8032786885
n08-str-donj-p01-c07.txt,Q2,7.3770491803
n08-str-donj-p01-c07.txt,Q3,7.5833333333
n08-str-donj-p01-c07.txt,Q4,8.4426229508
n08-str-donj-p01-c07.txt,Q5,7.6393442623
n08-str-donj-p01-c07.txt,Q6,7.8032786885
n08-str-donj-p01-c07.txt,Q7,8.5081967213
n08-str-donj-p01-c07.txt,Q8,7.7704918033
n08-str-donj-p01-c07.txt,Q9,7.6393442623
n08-str-donj-p01-c12.txt,Q1,7.1147540984
n08-str-donj-p01-c12.txt,Q2,7.5081967213
n08-str-donj-p01-c12.txt,Q3,7.2295081967
n08-str-donj-p01-c12.txt,Q4,8.4098360656
n08-str-donj-p01-c12.txt,Q5,7.5081967213
n08-str-donj-p01-c12.txt,Q6,7.0333333333
n08-str-donj-p01-c12.txt,Q7,8.1147540984
n08-str-donj-p01-c12.txt,Q8,7.5737704918
n08-str-donj-p01-c12.txt,Q9,7.8360655738
n08-str-donj-p02-c03.txt,Q1,7.5555555556
n08-str-donj-p02-c03.txt,Q2,6.6031746032
n08-str-donj-p02-c03.txt,Q3,7.0158730159
n08-str-donj-p02-c03.txt,Q4,8.3278688525
n08-str-donj-p02-c03.txt,Q5,6.578125
n08-str-donj-p02-c03.txt,Q6,7.3333333333
n08-str-donj-p02-c03.txt,Q7,8.140625
n08-str-donj-p02-c03.txt,Q8,7.1428571429
n08-str-donj-p02-c03.txt,Q9,6.890625
n08-str-donj-p02-c08.txt,Q1,6.8709677419
n08-str-donj-p02-c08.txt,Q2,7.6666666667
n08-str-donj-p02-c08.txt,Q3,7.2857142857
n08-str-donj-p02-c08.txt,Q4,8.2258064516
n08-str-donj-p02-c08.txt,Q5,6.25
n08-str-donj-p02-c08.txt,Q6,6.3333333333
n08-str-donj-p02-c08.txt,Q7,8.03125
n08-str-donj-p02-c08.txt,Q8,6.9523809524
n08-str-donj-p02-c08.txt,Q9,4.9047619048
n08-str-donj-p02-c12.txt,Q1,7.6666666667
n08-str-donj-p02-c12.txt,Q2,7.5238095238
n08-str-donj-p02-c12.txt,Q3,7.4603174603
n08-str-donj-p02-c12.txt,Q4,8.5322580645
n08-str-donj-p02-c12.txt,Q5,7.296875
n08-str-donj-p02-c12.txt,Q6,6.8253968254
n08-str-donj-p02-c12.txt,Q7,8.4375
n08-str-donj-p02-c12.txt,Q8,7.4285714286
n08-str-donj-p02-c12.txt,Q9,6.265625
n08-str-donj-p03-c04.txt,Q1,7.5555555556
n08-str-donj-p03-c04.txt,Q2,6.0434782609
n08-str-donj-p03-c04.txt,Q3,6.4347826087
n08-str-donj-p03-c04.txt,Q4,8.3043478261
n08-str-donj-p03-c04.txt,Q5,7.2608695652
n08-str-donj-p03-c04.txt,Q6,7.2608695652
n08-str-donj-p03-c04.txt,Q7,8.5434782609
n08-str-donj-p03-c04.txt,Q8,7.4222222222
n08-str-donj-p03-c04.txt,Q9,7.1304347826
n08-str-donj-p03-c08.txt,Q1,7.347826087
n08-str-donj-p03-c08.txt,Q2,7.4130434783
n08-str-donj-p03-c08.txt,Q3,6.9130434783
n08-str-donj-p03-c08.txt,Q4,8.1739130435
n08-str-donj-p03-c08.txt,Q5,6.7608695652
n08-str-donj-p03-c08.txt,Q6,6.7391304348
n08-str-donj-p03-c08.txt,Q7,8.5217391304
n08-str-donj-p03-c08.txt,Q8,6.8888888889
n08-str-donj-p03-c08.txt,Q9,6.7173913043
n08-str-donj-p04-c04.txt,Q1,7.1568627451
n08-str-donj-p04-c04.txt,Q2,7.6
n08-str-donj-p04-c04.txt,Q3,7.568627451
n08-str-donj-p04-c04.txt,Q4,7.568627451
n08-str-donj-p04-c04.txt,Q5,6.2156862745
n08-str-donj-p04-c04.txt,Q6,6.76
n08-str-donj-p04-c04.txt,Q7,7.8431372549
n08-str-donj-p04-c04.txt,Q8,6.9803921569
n08-str-donj-p04-c04.txt,Q9,5.2941176471
n08-str-donj-p04-c09.txt,Q1,7.5882352941
n08-str-donj-p04-c09.txt,Q2,6.3921568627
n08-str-donj-p04-c09.txt,Q3,6.9607843137
n08-str-donj-p04-c09.txt,Q4,7.568627451
n08-str-donj-p04-c09.txt,Q5,6.8431372549
n08-str-donj-p04-c09.txt,Q6,7.3725490196
n08-str-donj-p04-c09.txt,Q7,8.0392156863
n08-str-donj-p04-c09.txt,Q8,7.2745098039
n08-str-donj-p04-c09.txt,Q9,6.7058823529
n08-str-donj-p05-c05.txt,Q1,5
n08-str-donj-p05-c05.txt,Q2,8.9310344828
n08-str-donj-p05-c05.txt,Q3,7.0689655172
n08-str-donj-p05-c05.txt,Q4,6.8965517241
n08-str-donj-p05-c05.txt,Q5,3.9122807018
n08-str-donj-p05-c05.txt,Q6,3.775862069
n08-str-donj-p05-c05.txt,Q7,8.0172413793
n08-str-donj-p05-c05.txt,Q8,5
n08-str-donj-p05-c05.txt,Q9,3.3793103448
n08-str-donj-p05-c09.txt,Q1,7.2931034483
n08-str-donj-p05-c09.txt,Q2,6.8983050847
n08-str-donj-p05-c09.txt,Q3,7.2203389831
n08-str-donj-p05-c09.txt,Q4,8.2068965517
n08-str-donj-p05-c09.txt,Q5,6.5254237288
n08-str-donj-p05-c09.txt,Q6,6.7288135593
n08-str-donj-p05-c09.txt,Q7,8.0847457627
n08-str-donj-p05-c09.txt,Q8,7.2068965517
n08-str-donj-p05-c09.txt,Q9,6.6610169492
n08-str-donj-p06-c01.txt,Q1,7.5263157895
n08-str-donj-p06-c01.txt,Q2,5.7192982456
n08-str-donj-p06-c01.txt,Q3,6.3157894737
n08-str-donj-p06-c01.txt,Q4,7.8947368421
n08-str-donj-p06-c01.txt,Q5,7.9824561404
n08-str-donj-p06-c01.txt,Q6,7.5344827586
n08-str-donj-p06-c01.txt,Q7,8.2456140351
n08-str-donj-p06-c01.txt,Q8,7.5964912281
n08-str-donj-p06-c01.txt,Q9,7.724137931
n08-str-donj-p06-c05.txt,Q1,6.7192982456
n08-str-donj-p06-c05.txt,Q2,8.0178571429
n08-str-donj-p06-c05.txt,Q3,7.4736842105
n08-str-donj-p06-c05.txt,Q4,7.5614035088
n08-str-donj-p06-c05.txt,Q5,5.8793103448
n08-str-donj-p06-c05.txt,Q6,5.775862069
n08-str-donj-p06-c05.txt,Q7,8.1379310345
n08-str-donj-p06-c05.txt,Q8,6.25
n08-str-donj-p06-c05.txt,Q9,4.224137931
n08-str-donj-p06-c10.txt,Q1,6.7931034483
n08-str-donj-p06-c10.txt,Q2,8.6896551724
n08-str-donj-p06-c10.txt,Q3,8.1896551724
n08-str-donj-p06-c10.txt,Q4,7.8793103448
n08-str-donj-p06-c10.txt,Q5,6.1186440678
n08-str-donj-p06-c10.txt,Q6,5.7586206897
n08-str-donj-p06-c10.txt,Q7,8.0169491525
n08-str-donj-p06-c10.txt,Q8,6.5423728814
n08-str-donj-p06-c10.txt,Q9,4.8620689655
n08-str-donj-p07-c01.txt,Q1,7.125
n08-str-donj-p07-c01.txt,Q2,5.0357142857
n08-str-donj-p07-c01.txt,Q3,6.2363636364
n08-str-donj-p07-c01.txt,Q4,8.125
n08-str-donj-p07-c01.txt,Q5,7.4642857143
n08-str-donj-p07-c01.txt,Q6,7.25
n08-str-donj-p07-c01.txt,Q7,8.2777777778
n08-str-donj-p07-c01.txt,Q8,7.5892857143
n08-str-donj-p07-c01.txt,Q9,7.8363636364
n08-str-donj-p07-c06.txt,Q1,7.1964285714
n08-str-donj-p07-c06.txt,Q2,7.5357142857
n08-str-donj-p07-c06.txt,Q3,7.3636363636
n08-str-donj-p07-c06.txt,Q4,8.1785714286
n08-str-donj-p07-c06.txt,Q5,6.2142857143
n08-str-donj-p07-c06.txt,Q6,6.4821428571
n08-str-donj-p07-c06.txt,Q7,8.4
n08-str-donj-p07-c06.txt,Q8,7.1607142857
n08-str-donj-p07-c06.txt,Q9,7.1636363636
n08-str-donj-p07-c10.txt,Q1,6.25
n08-str-donj-p07-c10.txt,Q2,8.2592592593
n08-str-donj-p07-c10.txt,Q3,7.5272727273
n08-str-donj-p07-c10.txt,Q4,8.1272727273
n08-str-donj-p07-c10.txt,Q5,5.4642857143
n08-str-donj-p07-c10.txt,Q6,5.3214285714
n08-str-donj-p07-c10.txt,Q7,8.4727272727
n08-str-donj-p07-c10.txt,Q8,6.0714285714
n08-str-donj-p07-c10.txt,Q9,4.2857142857
n08-str-donj-p08-c02.txt,Q1,7.3137254902
n08-str-donj-p08-c02.txt,Q2,5.7843137255
n08-str-donj-p08-c02.txt,Q3,6.3137254902
n08-str-donj-p08-c02.txt,Q4,8.0980392157
n08-str-donj-p08-c02.txt,Q5,6.7058823529
n08-str-donj-p08-c02.txt,Q6,6.9215686275
n08-str-donj-p08-c02.txt,Q7,8.3529411765
n08-str-donj-p08-c02.txt,Q8,7.06
n08-str-donj-p08-c02.txt,Q9,6.862745098
n08-str-donj-p08-c06.txt,Q1,7.6078431373
n08-str-donj-p08-c06.txt,Q2,7.6470588235
n08-str-donj-p08-c06.txt,Q3,7.0980392157
n08-str-donj-p08-c06.txt,Q4,8.5490196078
n08-str-donj-p08-c06.txt,Q5,7.3529411765
n08-str-donj-p08-c06.txt,Q6,6.9803921569
n08-str-donj-p08-c06.txt,Q7,8.44
n08-str-donj-p08-c06.txt,Q8,7.52
n08-str-donj-p08-c06.txt,Q9,7.0980392157
n08-str-donj-p08-c11.txt,Q1,7.74
n08-str-donj-p08-c11.txt,Q2,8.42
n08-str-donj-p08-c11.txt,Q3,7.86
n08-str-donj-p08-c11.txt,Q4,8.7551020408
n08-str-donj-p08-c11.txt,Q5,7.8823529412
n08-str-donj-p08-c11.txt,Q6,6.6862745098
n08-str-donj-p08-c11.txt,Q7,8.6274509804
n08-str-donj-p08-c11.txt,Q8,7.7959183673
n08-str-donj-p08-c11.txt,Q9,8.1568627451
n08-str-donj-p09-c02.txt,Q1,7.5074626866
n08-str-donj-p09-c02.txt,Q2,6.1343283582
n08-str-donj-p09-c02.txt,Q3,6.6567164179
n08-str-donj-p09-c02.txt,Q4,8.3432835821
n08-str-donj-p09-c02.txt,Q5,7.1666666667
n08-str-donj-p09-c02.txt,Q6,7.3484848485
n08-str-donj-p09-c02.txt,Q7,8.5606060606
n08-str-donj-p09-c02.txt,Q8,7.5303030303
n08-str-donj-p09-c02.txt,Q9,6.4179104478
n08-str-donj-p09-c07.txt,Q1,8.03125
n08-str-donj-p09-c07.txt,Q2,7.4393939394
n08-str-donj-p09-c07.txt,Q3,7.7575757576
n08-str-donj-p09-c07.txt,Q4,8.7575757576
n08-str-donj-p09-c07.txt,Q5,8
n08-str-donj-p09-c07.txt,Q6,7.5373134328
n08-str-donj-p09-c07.txt,Q7,8.7611940299
n08-str-donj-p09-c07.txt,Q8,7.9393939394
n08-str-donj-p09-c07.txt,Q9,6.7121212121
n08-str-donj-p09-c11.txt,Q1,7.2089552239
n08-str-donj-p09-c11.txt,Q2,8.8059701493
n08-str-donj-p09-c11.txt,Q3,8.3432835821
n08-str-donj-p09-c11.txt,Q4,8.8656716418
n08-str-donj-p09-c11.txt,Q5,8.0597014925
n08-str-donj-p09-c11.txt,Q6,5.6268656716
n08-str-donj-p09-c11.txt,Q7,9.1044776119
n08-str-donj-p09-c11.txt,Q8,8.1363636364
n08-str-donj-p09-c11.txt,Q9,7.9402985075
n09-rav-tomb-p01-c02.txt,Q1,7.95
n09-rav-tomb-p01-c02.txt,Q2,5.5333333333
n09-rav-tomb-p01-c02.txt,Q3,6.65
n09-rav-tomb-p01-c02.txt,Q4,8.1
n09-rav-tomb-p01-c02.txt,Q5,7.5
n09-rav-tomb-p01-c02.txt,Q6,7.8833333333
n09-rav-tomb-p01-c02.txt,Q7,8.2105263158
n09-rav-tomb-p01-c02.txt,Q8,7.7457627119
n09-rav-tomb-p01-c02.txt,Q9,7.7118644068
n09-rav-tomb-p01-c06.txt,Q1,7.65
n09-rav-tomb-p01-c06.txt,Q2,7.65
n09-rav-tomb-p01-c06.txt,Q3,7.3666666667
n09-rav-tomb-p01-c06.txt,Q4,8.1
n09-rav-tomb-p01-c06.txt,Q5,7.3833333333
n09-rav-tomb-p01-c06.txt,Q6,7.0333333333
n09-rav-tomb-p01-c06.txt,Q7,8.224137931
n09-rav-tomb-p01-c06.txt,Q8,7.8305084746
n09-rav-tomb-p01-c06.txt,Q9,8.15
n09-rav-tomb-p01-c11.txt,Q1,7.2333333333
n09-rav-tomb-p01-c11.txt,Q2,8.4333333333
n09-rav-tomb-p01-c11.txt,Q3,7.7966101695
n09-rav-tomb-p01-c11.txt,Q4,8.25
n09-rav-tomb-p01-c11.txt,Q5,7.0333333333
n09-rav-tomb-p01-c11.txt,Q6,6.2
n09-rav-tomb-p01-c11.txt,Q7,8.2931034483
n09-rav-tomb-p01-c11.txt,Q8,7.6101694915
n09-rav-tomb-p01-c11.txt,Q9,7.95
n09-rav-tomb-p02-c02.txt,Q1,7.5714285714
n09-rav-tomb-p02-c02.txt,Q2,6.3214285714
n09-rav-tomb-p02-c02.txt,Q3,6.9107142857
n09-rav-tomb-p02-c02.txt,Q4,8.3035714286
n09-rav-tomb-p02-c02.txt,Q5,7.1929824561
n09-rav-tomb-p02-c02.txt,Q6,7.1403508772
n09-rav-tomb-p02-c02.txt,Q7,8.5614035088
n09-rav-tomb-p02-c02.txt,Q8,7.350877193
n09-rav-tomb-p02-c02.txt,Q9,6.701754386
n09-rav-tomb-p02-c07.txt,Q1,8.3148148148
n09-rav-tomb-p02-c07.txt,Q2,8.2037037037
n09-rav-tomb-p02-c07.txt,Q3,8.320754717
n09-rav-tomb-p02-c07.txt,Q4,8.8703703704
n09-rav-tomb-p02-c07.txt,Q5,8.1454545455
n09-rav-tomb-p02-c07.txt,Q6,7.8545454545
n09-rav-tomb-p02-c07.txt,Q7,8.8214285714
n09-rav-tomb-p02-c07.txt,Q8,7.8214285714
n09-rav-tomb-p02-c07.txt,Q9,7.5
n09-rav-tomb-p02-c11.txt,Q1,6.8421052632
n09-rav-tomb-p02-c11.txt,Q2,8.8771929825
n09-rav-tomb-p02-c11.txt,Q3,8.1052631579
n09-rav-tomb-p02-c11.txt,Q4,8.7543859649
n09-rav-tomb-p02-c11.txt,Q5,7.2931034483
n09-rav-tomb-p02-c11.txt,Q6,5.2931034483
n09-rav-tomb-p02-c11.txt,Q7,8.7068965517
n09-rav-tomb-p02-c11.txt,Q8,7.8103448276
n09-rav-tomb-p02-c11.txt,Q9,7.8965517241
n09-rav-tomb-p03-c03.txt,Q1,7.68
n09-rav-tomb-p03-c03.txt,Q2,6.8
n09-rav-tomb-p03-c03.txt,Q3,7.36
n09-rav-tomb-p03-c03.txt,Q4,7.74
n09-rav-tomb-p03-c03.txt,Q5,7.48
n09-rav-tomb-p03-c03.txt,Q6,7.0612244898
n09-rav-tomb-p03-c03.txt,Q7,8
n09-rav-tomb-p03-c03.txt,Q8,7.66
n09-rav-tomb-p03-c03.txt,Q9,7.92
n09-rav-tomb-p03-c07.txt,Q1,7.88
n09-rav-tomb-p03-c07.txt,Q2,7.2
n09-rav-tomb-p03-c07.txt,Q3,7.56
n09-rav-tomb-p03-c07.txt,Q4,7.84
n09-rav-tomb-p03-c07.txt,Q5,7.62
n09-rav-tomb-p03-c07.txt,Q6,7.58
n09-rav-tomb-p03-c07.txt,Q7,8.2
n09-rav-tomb-p03-c07.txt,Q8,7.88
n09-rav-tomb-p03-c07.txt,Q9,7.94
n09-rav-tomb-p03-c12.txt,Q1,7.42
n09-rav-tomb-p03-c12.txt,Q2,7.72
n09-rav-tomb-p03-c12.txt,Q3,7.5918367347
n09-rav-tomb-p03-c12.txt,Q4,7.96
n09-rav-tomb-p03-c12.txt,Q5,7.74
n09-rav-tomb-p03-c12.txt,Q6,6.94
n09-rav-tomb-p03-c12.txt,Q7,8.4
n09-rav-tomb-p03-c12.txt,Q8,7.56
n09-rav-tomb-p03-c12.txt,Q9,8
n09-rav-tomb-p04-c03.txt,Q1,8.4081632653
n09-rav-tomb-p04-c03.txt,Q2,7.2653061224
n09-rav-tomb-p04-c03.txt,Q3,7.75
n09-rav-tomb-p04-c03.txt,Q4,8.44
n09-rav-tomb-p04-c03.txt,Q5,8.56
n09-rav-tomb-p04-c03.txt,Q6,8.1
n09-rav-tomb-p04-c03.txt,Q7,8.8
n09-rav-tomb-p04-c03.txt,Q8,8.14
n09-rav-tomb-p04-c03.txt,Q9,8.26
n09-rav-tomb-p04-c08.txt,Q1,7.84
n09-rav-tomb-p04-c08.txt,Q2,8.3673469388
n09-rav-tomb-p04-c08.txt,Q3,7.92
n09-rav-tomb-p04-c08.txt,Q4,8.4
n09-rav-tomb-p04-c08.txt,Q5,7.52
n09-rav-tomb-p04-c08.txt,Q6,6.76
n09-rav-tomb-p04-c08.txt,Q7,8.46
n09-rav-tomb-p04-c08.txt,Q8,7.94
n09-rav-tomb-p04-c08.txt,Q9,8.02
n09-rav-tomb-p04-c12.txt,Q1,7.7
n09-rav-tomb-p04-c12.txt,Q2,8.16
n09-rav-tomb-p04-c12.txt,Q3,7.78
n09-rav-tomb-p04-c12.txt,Q4,8.1
n09-rav-tomb-p04-c12.txt,Q5,7.38
n09-rav-tomb-p04-c12.txt,Q6,6.612244898
n09-rav-tomb-p04-c12.txt,Q7,8.22
n09-rav-tomb-p04-c12.txt,Q8,7.612244898
n09-rav-tomb-p04-c12.txt,Q9,7.68
n09-rav-tomb-p05-c04.txt,Q1,7.8113207547
n09-rav-tomb-p05-c04.txt,Q2,7.3076923077
n09-rav-tomb-p05-c04.txt,Q3,7.7169811321
n09-rav-tomb-p05-c04.txt,Q4,8.2115384615
n09-rav-tomb-p05-c04.txt,Q5,7.8846153846
n09-rav-tomb-p05-c04.txt,Q6,7.02
n09-rav-tomb-p05-c04.txt,Q7,8.5849056604
n09-rav-tomb-p05-c04.txt,Q8,7.9038461538
n09-rav-tomb-p05-c04.txt,Q9,7.3773584906
n09-rav-tomb-p05-c08.txt,Q1,6.9056603774
n09-rav-tomb-p05-c08.txt,Q2,8.1153846154
n09-rav-tomb-p05-c08.txt,Q3,7.8301886792
n09-rav-tomb-p05-c08.txt,Q4,8.2115384615
n09-rav-tomb-p05-c08.txt,Q5,6.2452830189
n09-rav-tomb-p05-c08.txt,Q6,6.2115384615
n09-rav-tomb-p05-c08.txt,Q7,8.2830188679
n09-rav-tomb-p05-c08.txt,Q8,7.3269230769
n09-rav-tomb-p05-c08.txt,Q9,7.5660377358
n09-rav-tomb-p06-c04.txt,Q1,7.9836065574
n09-rav-tomb-p06-c04.txt,Q2,7.3442622951
n09-rav-tomb-p06-c04.txt,Q3,7.5081967213
n09-rav-tomb-p06-c04.txt,Q4,7.9016393443
n09-rav-tomb-p06-c04.txt,Q5,7.6166666667
n09-rav-tomb-p06-c04.txt,Q6,7.6666666667
n09-rav-tomb-p06-c04.txt,Q7,8.3666666667
n09-rav-tomb-p06-c04.txt,Q8,7.6393442623
n09-rav-tomb-p06-c04.txt,Q9,7.5737704918
n09-rav-tomb-p06-c09.txt,Q1,7.6031746032
n09-rav-tomb-p06-c09.txt,Q2,7.253968254
n09-rav-tomb-p06-c09.txt,Q3,7.1428571429
n09-rav-tomb-p06-c09.txt,Q4,7.6825396825
n09-rav-tomb-p06-c09.txt,Q5,6.6825396825
n09-rav-tomb-p06-c09.txt,Q6,6.6825396825
n09-rav-tomb-p06-c09.txt,Q7,7.9365079365
n09-rav-tomb-p06-c09.txt,Q8,7.2063492063
n09-rav-tomb-p06-c09.txt,Q9,6.7936507937
n09-rav-tomb-p07-c05.txt,Q1,6.859375
n09-rav-tomb-p07-c05.txt,Q2,8.109375
n09-rav-tomb-p07-c05.txt,Q3,7.5396825397
n09-rav-tomb-p07-c05.txt,Q4,7.4375
n09-rav-tomb-p07-c05.txt,Q5,5.9375
n09-rav-tomb-p07-c05.txt,Q6,5.96875
n09-rav-tomb-p07-c05.txt,Q7,7.671875
n09-rav-tomb-p07-c05.txt,Q8,6.7868852459
n09-rav-tomb-p07-c05.txt,Q9,5.65625
n09-rav-tomb-p07-c09.txt,Q1,7.5714285714
n09-rav-tomb-p07-c09.txt,Q2,7.3387096774
n09-rav-tomb-p07-c09.txt,Q3,7.5396825397
n09-rav-tomb-p07-c09.txt,Q4,7.4761904762
n09-rav-tomb-p07-c09.txt,Q5,6.9206349206
n09-rav-tomb-p07-c09.txt,Q6,6.9047619048
n09-rav-tomb-p07-c09.txt,Q7,7.935483871
n09-rav-tomb-p07-c09.txt,Q8,7.1935483871
n09-rav-tomb-p07-c09.txt,Q9,6.253968254
n09-rav-tomb-p08-c01.txt,Q1,7.5434782609
n09-rav-tomb-p08-c01.txt,Q2,5.7555555556
n09-rav-tomb-p08-c01.txt,Q3,6.4666666667
n09-rav-tomb-p08-c01.txt,Q4,8.2608695652
n09-rav-tomb-p08-c01.txt,Q5,7.6086956522
n09-rav-tomb-p08-c01.txt,Q6,7.3043478261
n09-rav-tomb-p08-c01.txt,Q7,8.3260869565
n09-rav-tomb-p08-c01.txt,Q8,7.5555555556
n09-rav-tomb-p08-c01.txt,Q9,7.5
n09-rav-tomb-p08-c05.txt,Q1,4.9555555556
n09-rav-tomb-p08-c05.txt,Q2,7.8222222222
n09-rav-tomb-p08-c05.txt,Q3,5.3333333333
n09-rav-tomb-p08-c05.txt,Q4,5.8222222222
n09-rav-tomb-p08-c05.txt,Q5,3.5909090909
n09-rav-tomb-p08-c05.txt,Q6,4.2666666667
n09-rav-tomb-p08-c05.txt,Q7,7.3555555556
n09-rav-tomb-p08-c05.txt,Q8,5.1777777778
n09-rav-tomb-p08-c05.txt,Q9,3.5333333333
n09-rav-tomb-p08-c10.txt,Q1,6.8444444444
n09-rav-tomb-p08-c10.txt,Q2,8.4666666667
n09-rav-tomb-p08-c10.txt,Q3,7.8444444444
n09-rav-tomb-p08-c10.txt,Q4,8.2888888889
n09-rav-tomb-p08-c10.txt,Q5,6.8666666667
n09-rav-tomb-p08-c10.txt,Q6,6.0444444444
n09-rav-tomb-p08-c10.txt,Q7,8.0222222222
n09-rav-tomb-p08-c10.txt,Q8,7.2045454545
n09-rav-tomb-p08-c10.txt,Q9,7.1777777778
n09-rav-tomb-p09-c01.txt,Q1,7.7435897436
n09-rav-tomb-p09-c01.txt,Q2,6.6923076923
n09-rav-tomb-p09-c01.txt,Q3,7.1538461538
n09-rav-tomb-p09-c01.txt,Q4,8.4736842105
n09-rav-tomb-p09-c01.txt,Q5,8.0526315789
n09-rav-tomb-p09-c01.txt,Q6,7.4871794872
n09-rav-tomb-p09-c01.txt,Q7,8.4210526316
n09-rav-tomb-p09-c01.txt,Q8,7.7105263158
n09-rav-tomb-p09-c01.txt,Q9,7.5897435897
n09-rav-tomb-p09-c06.txt,Q1,5.1794871795
n09-rav-tomb-p09-c06.txt,Q2,7.8461538462
n09-rav-tomb-p09-c06.txt,Q3,6.358974359
n09-rav-tomb-p09-c06.txt,Q4,6.2368421053
n09-rav-tomb-p09-c06.txt,Q5,3.5641025641
n09-rav-tomb-p09-c06.txt,Q6,3.8421052632
n09-rav-tomb-p09-c06.txt,Q7,7.6578947368
n09-rav-tomb-p09-c06.txt,Q8,4.1025641026
n09-rav-tomb-p09-c06.txt,Q9,3.1538461538
n09-rav-tomb-p09-c10.txt,Q1,7.1794871795
n09-rav-tomb-p09-c10.txt,Q2,7.2820512821
n09-rav-tomb-p09-c10.txt,Q3,7.0256410256
n09-rav-tomb-p09-c10.txt,Q4,8.1538461538
n09-rav-tomb-p09-c10.txt,Q5,7.0256410256
n09-rav-tomb-p09-c10.txt,Q6,6.6578947368
n09-rav-tomb-p09-c10.txt,Q7,8.2631578947
n09-rav-tomb-p09-c10.txt,Q8,7.2051282051
n09-rav-tomb-p09-c10.txt,Q9,6.8974358974
n10-pro-pete-p01-c01.txt,Q1,7.393442623
n10-pro-pete-p01-c01.txt,Q2,6.7049180328
n10-pro-pete-p01-c01.txt,Q3,7.3389830508
n10-pro-pete-p01-c01.txt,Q4,8
n10-pro-pete-p01-c01.txt,Q5,7.0666666667
n10-pro-pete-p01-c01.txt,Q6,7.0327868852
n10-pro-pete-p01-c01.txt,Q7,8.0163934426
n10-pro-pete-p01-c01.txt,Q8,7.3333333333
n10-pro-pete-p01-c01.txt,Q9,7.131147541
n10-pro-pete-p01-c05.txt,Q1,6.55
n10-pro-pete-p01-c05.txt,Q2,7.6
n10-pro-pete-p01-c05.txt,Q3,6.8644067797
n10-pro-pete-p01-c05.txt,Q4,7.7166666667
n10-pro-pete-p01-c05.txt,Q5,5.9152542373
n10-pro-pete-p01-c05.txt,Q6,5.7333333333
n10-pro-pete-p01-c05.txt,Q7,7.9666666667
n10-pro-pete-p01-c05.txt,Q8,6.813559322
n10-pro-pete-p01-c05.txt,Q9,6.3
n10-pro-pete-p01-c10.txt,Q1,6.2459016393
n10-pro-pete-p01-c10.txt,Q2,8.15
n10-pro-pete-p01-c10.txt,Q3,7.1333333333
n10-pro-pete-p01-c10.txt,Q4,7.9827586207
n10-pro-pete-p01-c10.txt,Q5,5.4333333333
n10-pro-pete-p01-c10.txt,Q6,5.7704918033
n10-pro-pete-p01-c10.txt,Q7,7.9836065574
n10-pro-pete-p01-c10.txt,Q8,6.55
n10-pro-pete-p01-c10.txt,Q9,4.9344262295
n10-pro-pete-p02-c01.txt,Q1,7.9411764706
n10-pro-pete-p02-c01.txt,Q2,7.4
n10-pro-pete-p02-c01.txt,Q3,7.7843137255
n10-pro-pete-p02-c01.txt,Q4,8.5490196078
n10-pro-pete-p02-c01.txt,Q5,7.568627451
n10-pro-pete-p02-c01.txt,Q6,7.42
n10-pro-pete-p02-c01.txt,Q7,8.431372549
n10-pro-pete-p02-c01.txt,Q8,7.7450980392
n10-pro-pete-p02-c01.txt,Q9,7.2549019608
n10-pro-pete-p02-c06.txt,Q1,7.4509803922
n10-pro-pete-p02-c06.txt,Q2,8.1764705882
n10-pro-pete-p02-c06.txt,Q3,7.6666666667
n10-pro-pete-p02-c06.txt,Q4,8.3137254902
n10-pro-pete-p02-c06.txt,Q5,7.36
n10-pro-pete-p02-c06.txt,Q6,6.8
n10-pro-pete-p02-c06.txt,Q7,8.3529411765
n10-pro-pete-p02-c06.txt,Q8,7.5098039216
n10-pro-pete-p02-c06.txt,Q9,6.7254901961
n10-pro-pete-p02-c10.txt,Q1,7.1176470588
n10-pro-pete-p02-c10.txt,Q2,7.7058823529
n10-pro-pete-p02-c10.txt,Q3,7.7058823529
n10-pro-pete-p02-c10.txt,Q4,8.4509803922
n10-pro-pete-p02-c10.txt,Q5,6.9411764706
n10-pro-pete-p02-c10.txt,Q6,6.4509803922
n10-pro-pete-p02-c10.txt,Q7,8.48
n10-pro-pete-p02-c10.txt,Q8,7.3921568627
n10-pro-pete-p02-c10.txt,Q9,7.3137254902
n10-pro-pete-p03-c02.txt,Q1,7.0327868852
n10-pro-pete-p03-c02.txt,Q2,6.2950819672
n10-pro-pete-p03-c02.txt,Q3,6.3442622951
n10-pro-pete-p03-c02.txt,Q4,8.1803278689
n10-pro-pete-p03-c02.txt,Q5,6.6774193548
n10-pro-pete-p03-c02.txt,Q6,6.5
n10-pro-pete-p03-c02.txt,Q7,8.0967741935
n10-pro-pete-p03-c02.txt,Q8,6.9508196721
n10-pro-pete-p03-c02.txt,Q9,6.6612903226
n10-pro-pete-p03-c06.txt,Q1,5.6612903226
n10-pro-pete-p03-c06.txt,Q2,8.5409836066
n10-pro-pete-p03-c06.txt,Q3,6.564516129
n10-pro-pete-p03-c06.txt,Q4,7
n10-pro-pete-p03-c06.txt,Q5,4.4516129032
n10-pro-pete-p03-c06.txt,Q6,4.2741935484
n10-pro-pete-p03-c06.txt,Q7,8.0163934426
n10-pro-pete-p03-c06.txt,Q8,5.868852459
n10-pro-pete-p03-c06.txt,Q9,3.2096774194
n10-pro-pete-p03-c11.txt,Q1,6.4590163934
n10-pro-pete-p03-c11.txt,Q2,8.9516129032
n10-pro-pete-p03-c11.txt,Q3,8.1129032258
n10-pro-pete-p03-c11.txt,Q4,8.4677419355
n10-pro-pete-p03-c11.txt,Q5,6.6612903226
n10-pro-pete-p03-c11.txt,Q6,5.0967741935
n10-pro-pete-p03-c11.txt,Q7,8.4838709677
n10-pro-pete-p03-c11.txt,Q8,7.0806451613
n10-pro-pete-p03-c11.txt,Q9,7.1666666667
n10-pro-pete-p04-c02.txt,Q1,6.8409090909
n10-pro-pete-p04-c02.txt,Q2,6.4545454545
n10-pro-pete-p04-c02.txt,Q3,6.2272727273
n10-pro-pete-p04-c02.txt,Q4,6.8636363636
n10-pro-pete-p04-c02.txt,Q5,5.7272727273
n10-pro-pete-p04-c02.txt,Q6,6.3409090909
n10-pro-pete-p04-c02.txt,Q7,7.9090909091
n10-pro-pete-p04-c02.txt,Q8,6.6818181818
n10-pro-pete-p04-c02.txt,Q9,5.7272727273
n10-pro-pete-p04-c07.txt,Q1,8.3181818182
n10-pro-pete-p04-c07.txt,Q2,8.2325581395
n10-pro-pete-p04-c07.txt,Q3,8.5454545455
n10-pro-pete-p04-c07.txt,Q4,8.7045454545
n10-pro-pete-p04-c07.txt,Q5,8.4090909091
n10-pro-pete-p04-c07.txt,Q6,7.3409090909
n10-pro-pete-p04-c07.txt,Q7,8.75
n10-pro-pete-p04-c07.txt,Q8,8.1818181818
n10-pro-pete-p04-c07.txt,Q9,7.1818181818
n10-pro-pete-p04-c11.txt,Q1,7.1136363636
n10-pro-pete-p04-c11.txt,Q2,9.0909090909
n10-pro-pete-p04-c11.txt,Q3,8.1627906977
n10-pro-pete-p04-c11.txt,Q4,8.4772727273
n10-pro-pete-p04-c11.txt,Q5,7.5
n10-pro-pete-p04-c11.txt,Q6,5.25
n10-pro-pete-p04-c11.txt,Q7,8.6136363636
n10-pro-pete-p04-c11.txt,Q8,7.4545454545
n10-pro-pete-p04-c11.txt,Q9,7.75
n10-pro-pete-p05-c03.txt,Q1,7.037037037
n10-pro-pete-p05-c03.txt,Q2,8.3888888889
n10-pro-pete-p05-c03.txt,Q3,7.7777777778
n10-pro-pete-p05-c03.txt,Q4,8.4444444444
n10-pro-pete-p05-c03.txt,Q5,6.1886792453
n10-pro-pete-p05-c03.txt,Q6,5.9074074074
n10-pro-pete-p05-c03.txt,Q7,8.1481481481
n10-pro-pete-p05-c03.txt,Q8,7.2641509434
n10-pro-pete-p05-c03.txt,Q9,7.2592592593
n10-pro-pete-p05-c07.txt,Q1,7.7962962963
n10-pro-pete-p05-c07.txt,Q2,7.7222222222
n10-pro-pete-p05-c07.txt,Q3,7.8148148148
n10-pro-pete-p05-c07.txt,Q4,8.6481481481
n10-pro-pete-p05-c07.txt,Q5,7.7735849057
n10-pro-pete-p05-c07.txt,Q6,7.0566037736
n10-pro-pete-p05-c07.txt,Q7,8.5185185185
n10-pro-pete-p05-c07.txt,Q8,7.8148148148
n10-pro-pete-p05-c07.txt,Q9,7.7222222222
n10-pro-pete-p05-c12.txt,Q1,6.8269230769
n10-pro-pete-p05-c12.txt,Q2,8.25
n10-pro-pete-p05-c12.txt,Q3,7.5094339623
n10-pro-pete-p05-c12.txt,Q4,8.2830188679
n10-pro-pete-p05-c12.txt,Q5,5.8113207547
n10-pro-pete-p05-c12.txt,Q6,5.5094339623
n10-pro-pete-p05-c12.txt,Q7,8.5
n10-pro-pete-p05-c12.txt,Q8,6.3962264151
n10-pro-pete-p05-c12.txt,Q9,5.4074074074
n10-pro-pete-p06-c03.txt,Q1,7.9272727273
n10-pro-pete-p06-c03.txt,Q2,8.4
n10-pro-pete-p06-c03.txt,Q3,8.2909090909
n10-pro-pete-p06-c03.txt,Q4,7.8518518519
n10-pro-pete-p06-c03.txt,Q5,7.6363636364
n10-pro-pete-p06-c03.txt,Q6,6.5818181818
n10-pro-pete-p06-c03.txt,Q7,8.5185185185
n10-pro-pete-p06-c03.txt,Q8,7.6909090909
n10-pro-pete-p06-c03.txt,Q9,7.5454545455
n10-pro-pete-p06-c08.txt,Q1,7.0535714286
n10-pro-pete-p06-c08.txt,Q2,7.6964285714
n10-pro-pete-p06-c08.txt,Q3,7.4821428571
n10-pro-pete-p06-c08.txt,Q4,7.5
n10-pro-pete-p06-c08.txt,Q5,6.4107142857
n10-pro-pete-p06-c08.txt,Q6,6.4727272727
n10-pro-pete-p06-c08.txt,Q7,8
n10-pro-pete-p06-c08.txt,Q8,7.0892857143
n10-pro-pete-p06-c08.txt,Q9,7.25
n10-pro-pete-p06-c12.txt,Q1,7.0925925926
n10-pro-pete-p06-c12.txt,Q2,8.1886792453
n10-pro-pete-p06-c12.txt,Q3,7.4716981132
n10-pro-pete-p06-c12.txt,Q4,8.2452830189
n10-pro-pete-p06-c12.txt,Q5,6.8909090909
n10-pro-pete-p06-c12.txt,Q6,6.2181818182
n10-pro-pete-p06-c12.txt,Q7,8.2037037037
n10-pro-pete-p06-c12.txt,Q8,7.0181818182
n10-pro-pete-p06-c12.txt,Q9,6.9090909091
n10-pro-pete-p07-c04.txt,Q1,7.4565217391
n10-pro-pete-p07-c04.txt,Q2,7
n10-pro-pete-p07-c04.txt,Q3,6.9347826087
n10-pro-pete-p07-c04.txt,Q4,7.847826087
n10-pro-pete-p07-c04.txt,Q5,6.347826087
n10-pro-pete-p07-c04.txt,Q6,6.8260869565
n10-pro-pete-p07-c04.txt,Q7,8.0217391304
n10-pro-pete-p07-c04.txt,Q8,6.9347826087
n10-pro-pete-p07-c04.txt,Q9,6.2608695652
n10-pro-pete-p07-c08.txt,Q1,7.1086956522
n10-pro-pete-p07-c08.txt,Q2,7.5
n10-pro-pete-p07-c08.txt,Q3,6.8913043478
n10-pro-pete-p07-c08.txt,Q4,7.652173913
n10-pro-pete-p07-c08.txt,Q5,6.6739130435
n10-pro-pete-p07-c08.txt,Q6,6.5652173913
n10-pro-pete-p07-c08.txt,Q7,8.1739130435
n10-pro-pete-p07-c08.txt,Q8,7.3260869565
n10-pro-pete-p07-c08.txt,Q9,7.652173913
n10-pro-pete-p08-c04.txt,Q1,7.3571428571
n10-pro-pete-p08-c04.txt,Q2,6.9285714286
n10-pro-pete-p08-c04.txt,Q3,6.6666666667
n10-pro-pete-p08-c04.txt,Q4,7.7619047619
n10-pro-pete-p08-c04.txt,Q5,5.8333333333
n10-pro-pete-p08-c04.txt,Q6,6.619047619
n10-pro-pete-p08-c04.txt,Q7,8.0238095238
n10-pro-pete-p08-c04.txt,Q8,7.5
n10-pro-pete-p08-c04.txt,Q9,6.7380952381
n10-pro-pete-p08-c09.txt,Q1,7.3658536585
n10-pro-pete-p08-c09.txt,Q2,7.2619047619
n10-pro-pete-p08-c09.txt,Q3,6.9523809524
n10-pro-pete-p08-c09.txt,Q4,8.119047619
n10-pro-pete-p08-c09.txt,Q5,6.4047619048
n10-pro-pete-p08-c09.txt,Q6,6.6904761905
n10-pro-pete-p08-c09.txt,Q7,8.3095238095
n10-pro-pete-p08-c09.txt,Q8,7.4047619048
n10-pro-pete-p08-c09.txt,Q9,6.5714285714
n10-pro-pete-p09-c09.txt,Q1,6.625
n10-pro-pete-p09-c09.txt,Q2,7.8333333333
n10-pro-pete-p09-c09.txt,Q3,7.2916666667
n10-pro-pete-p09-c09.txt,Q4,7.7708333333
n10-pro-pete-p09-c09.txt,Q5,5.6458333333
n10-pro-pete-p09-c09.txt,Q6,5.8958333333
n10-pro-pete-p09-c09.txt,Q7,8
n10-pro-pete-p09-c09.txt,Q8,7.1914893617
n10-pro-pete-p09-c09.txt,Q9,4.8125
